✔ bounded validated input and strict JSON outputs (2.509037ms)
✔ missing provider key and disabled runtime never invoke provider (58.346871ms)
✔ persisted success retry returns same result without another provider call (14.102206ms)
✔ malformed output is persisted as failure, never served as fabricated draft (3.978843ms)
✔ uncertain transport persists unknown and retry cannot issue another paid call (8.262275ms)
✔ unsupported mixed provider blocks cannot be silently discarded into a successful draft (29.527764ms)
✔ empty content and truncated/refused outputs remain failures; multiple valid text blocks work (7.904848ms)
✔ identity results validate unique actual IDs and expected types without inferred locality (2.786556ms)
✔ owned artist and owned event orientations preserve exact selected identities (0.55641ms)
✔ identity links use exact family canonical routes and reject path traversal (0.35306ms)
✔ appearance time displays the declared performance timezone, not browser UTC (25.387528ms)
✔ city normalization preserves Greek place names and rejects markup/control characters (4.756176ms)
✔ requests require artist, immutable request id, boolean choice and exact version (0.66956ms)
✔ success requires exact artist request action and advanced version receipt (0.539198ms)
✔ kakosaios: qualified exact publisher media reaches actual shared model (14.068963ms)
✔ kakosaios: explicit authorized listening edit and clear remain authoritative (3.460074ms)
✔ kakosaios: mismatched source cannot promote approved machine biography or Spotify (1.092431ms)
✔ kakosaios: association identity quarantine suppresses publisher imports (0.788252ms)
✔ sabanis: qualified exact publisher media reaches actual shared model (3.366058ms)
✔ sabanis: explicit authorized listening edit and clear remain authoritative (2.700635ms)
✔ sabanis: mismatched source cannot promote approved machine biography or Spotify (0.858023ms)
✔ sabanis: association identity quarantine suppresses publisher imports (1.590771ms)
✔ official HCLA component binds portrait and role to exact individual without guessing practice facts (5.100228ms)
✔ official HBA officer row selects its own photo without crossing nested columns (3.163109ms)
✔ global metadata footer and another person never replace scoped portrait or contact (0.710357ms)
✔ duplicate identity, unmatched name, unsupported path and changed layout fail closed (0.528667ms)
✔ audit source artifacts return uncached 404 without exposing content (2.797156ms)
✔ matched internal artifacts return an uncached 404 before filesystem serving (53.403056ms)
✔ encoded-root matcher covers character encoding without matching product families (0.554766ms)
✔ identity pins exact user plus QA address and profile/workspace owner membership (2.014995ms)
✔ generates no email, verifies nonce, reads only QA scope and logs out locally (33.280653ms)
✔ wrong admin identity fails before generate; workspace and browser failures revoke local session (8.641364ms)
✔ no owned QA listing is an explicit unexercised home journey (1.528786ms)
✔ browser guard denies writes, outside scopes, other hosts and arbitrary listing reads (0.657698ms)
✔ browser cleanup failure prevents a successful result and hides process errors (2.186876ms)
✔ push request binds first attempt, exact parent, changed file, code and dedicated identity (2.116004ms)
✔ actual Avli entity defaults to Concierge at its canonical business URL (1.9911ms)
✔ all four preserved templates resolve their assets at the actual home URL (0.398344ms)
✔ name or slug resemblance cannot substitute another business identity (0.243515ms)
✔ visit plan is a real call brief, never invented booking availability (26.07955ms)
✔ plan validates dates, size and authored preference allowlist (1.803358ms)
✔ restaurant day uses Europe/Berlin regardless of browser timezone (1.158645ms)
✔ private visit validation rejects invented calendar days, past plans and oversized groups (33.580513ms)
✔ calendar uses actual Berlin summer/winter timezone and labels unreserved visit tentative (5.883421ms)
✔ shareable visit URL contains only reviewed planning fields (0.526774ms)
✔ retains exact timeout category and SQLSTATE without SQL context (42.462293ms)
✔ user cancellation is not falsely labelled statement timeout (0.796808ms)
✔ permissions and constraints expose only static category, never names or row values (1.909346ms)
✔ unknown text html and malformed JSON remain withheld (1.800223ms)
✔ oversized streamed response is cancelled without logging or parsing (2.244413ms)
✔ release validates pinned worker and migration content (2.656342ms)
✔ expired releases, wrong projects and replay attempts are rejected (0.993496ms)
✔ modified files, path traversal, missing entrypoint and unknown workers fail before network (0.490707ms)
✔ PRs cannot obtain a production release through this script (0.898017ms)
✔ ambiguous mutation never retries or proceeds to worker deployment (48.255141ms)
✔ existing migration name requires reconciliation instead of replay (0.982195ms)
✔ worker deployment uses argument arrays, fixed project and reviewed JWT mode (0.548174ms)
✔ only unique reviewed, hash-bound private fixtures are allowed (0.828027ms)
✔ private fixture runs once after workers and ambiguous response is not retried (1.731514ms)
✔ bakery home preserves product facts and vendor route without table claims (9.7799ms)
✔ source images only attach to exact verified identity and owner media clears win (5.357899ms)
✔ request validates actual date and quantity, escapes rendering and never promises an order (3.335562ms)
✔ published design section order and hidden content remain effective (1.309947ms)
✔ all4 bakery designs remain distinct, preserve ownership content controls and never borrow photos (4.443721ms)
✔ every theme/terrain/language/projection combination is valid MapLibre style spec (159.727554ms)
✔ layer ids are unique and every layer points at a declared source (8.788208ms)
✔ no layer reads a source-layer the tile schema does not publish (0.443238ms)
✔ every font is one the glyph server actually serves (7.023371ms)
✔ nothing references a sprite, because we ship no sprite (6.404736ms)
✔ paint order still reads as a map: ground, then water, then roads, then labels (0.618957ms)
✔ in every theme the sea is perceptibly different from the land (1.411156ms)
✔ each theme separates land from sea the way that theme intends (0.544968ms)
✔ terrain and globe options change the style in the ways they claim to (2.388682ms)
✔ the Greek toggle changes label fields and always has a fallback (1.041987ms)
✔ attribution is present on every tile source, because the licences require it (0.730525ms)
✔ colour mixing is the arithmetic the palettes rely on (0.929096ms)
✔ the palettes start from the real zoi-theme.css tokens (0.939986ms)
✔ operator business timezone produces correct UTC timestamp (24.201262ms)
✔ DST nonexistent and ambiguous times are rejected explicitly (1.515051ms)
✔ invalid dates and response errors cannot become successful bookings (0.765921ms)
✔ unknown booking keeps scoped nonce across reload without persisting contact (2.663616ms)
✔ recovery clears only exact request and verifies echoed slot quantity and current status (0.639956ms)
✔ unavailable or corrupted storage fails closed before mutation (0.388676ms)
✔ weekly planner fits service plus buffer without hidden truncation (40.743094ms)
✔ planner rejects DST gaps, folds and crossing appointments; normal weeks keep local time (9.762538ms)
✔ invalid dates, duplicate weekdays, oversized ranges/slot counts and past/horizon rejected (262.120824ms)
✔ conflicts include buffer and ignore inactive rows (5.87199ms)
✔ preview and receipt reject mismatched server results (5.494294ms)
✔ planner capability is confirmed only by a valid authenticated history receipt (1.072233ms)
✔ customer calendar window follows business timezone and DST without exceeding31days (30.057852ms)
✔ replacement options exclude cross-workspace/service and invalid receipts (1.211734ms)
✔ reschedule request binds reviewed price and versions; receipt preserves booking identity (2.02878ms)
✔ reviewed multi-branch root omits machine contact fallback, retains brand assets, does not mutate evidence (8.068633ms)
✔ existing branch base contact and address plus owner overrides/clears remain authoritative (3.358194ms)
✔ dedicated branch URL and unrelated businesses are not blanket blocked (0.535982ms)
✔ For Business acquisition page has a clear conversion path (1.369679ms)
✔ For Business page does not expose internal roadmap language (0.32628ms)
✔ For Business page states live capability boundaries (0.300972ms)
✔ feature flags alone never enable unconfigured delivery or AI (1.172911ms)
✔ readiness does not override a disabled feature and Stripe credentials alone do not enable payments (0.338392ms)
✔ provider config rejects outages and malformed payloads (61.984374ms)
✔ provider readiness request has bounded response-body deadline and no retries (10.462896ms)
✔ exact category and full geography stay fenced, including duplicate cities in another region (3.701304ms)
✔ source-coalesced logo remains a compact thumbnail, never an editorial hero or paid recommendation (26.382957ms)
✔ escaping and safe links reject active markup and unsupported home types (0.510143ms)
✔ sponsor eligibility requires exact scope, approved photograph, confirmed campaign and active schedule (0.800305ms)
✔ accepted sponsorship is clearly disclosed and omitted by default (0.877509ms)
✔ all rows remain reachable without a sixty-card first screen and unsupported categories fall back (0.934817ms)
✔ four primary editorial families support real business and professional home routes (3.334912ms)
✔ reviewed photo editorial requires actual public exact identity/category/source and full location match (0.637231ms)
✔ editorial photograph is attributed as a real place without claiming paid sponsorship (2.905917ms)
✔ review: Benmore cannot inherit first Fourways contact or media through generic extraction (2.914374ms)
✔ review: generic chain identity, unrelated businesses and dedicated branch page remain untouched (0.366234ms)
✔ review: duplicate navigation or same telephone does not prove distinct branch contact scopes (0.475468ms)
✔ review: owner data and prior evidence are untouched even when import is quarantined (1.379938ms)
✔ extractScripts: skips src=, JSON-LD; keeps inline JS and modules (2.416164ms)
✔ passes on valid inline JS (113.152234ms)
✔ fails (exit 1) on a parse-broken inline script (112.962802ms)
✔ exit 2 when no HTML files exist (56.520228ms)
✔ all church identities inherit four homes without Sophia facts or required source completeness (43.034926ms)
✔ exact St Nicholas identity uses actual photos programmes contact and parish-only social connections (2.314314ms)
✔ owner media menu-style ministry clears and giving aliases are authoritative (3.181945ms)
✔ season references use supplied Orthodox Pascha and distinguish dates from local services (0.301153ms)
✔ parish source-scope quarantine suppresses institution imports but preserves identity and explicit owner fields (7.352406ms)
✔ source-scope-only marker and null owner overrides remain quarantined (1.511964ms)
✔ gallery-only parish photographs remain viewable without hero or carousel promotion (4.471043ms)
✔ canonical church defaults to real Concierge SSR and correct canonical route (35.471766ms)
✔ published design controls actual SSR template, order, visibility and escaped copy (2.3552ms)
✔ no identity, source or visibility mismatch receives Saint Sophia content (0.401771ms)
✔ hydration and schema cannot break out of JSON script tags (2.670529ms)
✔ canonical content omits private fields and honors safe owner-authored giving links (6.189132ms)
✔ unmatched source church remains usable but never receives Sophia source material (3.629831ms)
✔ real ministry finder filters by both group and query (2.486104ms)
✔ visit plans validate exact calendar dates and contain no submitted identity (0.927794ms)
✔ calendar export describes a personal all-day plan, not parish availability (3.940722ms)
✔ public calendar verifies listing scope and real timestamps (0.461993ms)
✔ all four templates consume published copy, order and visibility safely (5.614589ms)
✔ reusable parish content rejects executable sources (0.419744ms)
✔ HTTP and HTTPS owner website changes resolve before reviewed fallback for populated and sparse parishes (71.229093ms)
✔ website clear and unsafe override cannot restore curated contact or source photos (2.271323ms)
✔ navigation change does not allow insecure media, giving or broadcast URLs (0.998415ms)
✔ all eight real ministries have on-Zoi content and relevant tasks (3.061579ms)
✔ expired and past source dates are never presented as upcoming (27.178042ms)
✔ source calendar reminder uses verified start without invented duration or reservation (0.801818ms)
✔ source summaries expose discrepancies and do not pretend parish registration (0.354663ms)
✔ primary calendar, ministry, giving and media actions stay on Zoi (2.331636ms)
✔ institution root title/meta rejects parish generic extraction across language variants (14.146203ms)
✔ actual parish website with institution mentioned only in footer is not rejected (0.482572ms)
✔ known source is blocked before metadata extraction and after redirects to its homepage (0.347179ms)
✔ a matching parish title can mention its parent in the description without adopting its identity (5.760341ms)
✔ complete parish primary heading accepts separated city/site suffixes (6.154328ms)
✔ missing or different parish identity cannot bypass institution scope (0.724654ms)
✔ canonical exact listing/workspace survives social query once (3.638527ms)
✔ reject redirect/duplicate/encoding/credential/hash tricks (2.306389ms)
✔ creation changes only validated workspace on same listing (0.78147ms)
✔ validated changed-price review refreshes existing basket rows and currency totals without replacing controls (28.458284ms)
✔ review expires at two minutes, fails after clock rollback, never extends on read (1.544155ms)
✔ review binds exact cart ids order and quantities without payment confirmation (0.285073ms)
✔ failed inventory identifies every unavailable requested line without offering checkout (42.862684ms)
✔ substituted provider identity never produces an actionable unavailable row (0.750321ms)
✔ unavailable reports bind IDs, quantities and product handles; malformed reports fail closed (0.419283ms)
✔ HTTP checkout failure returns only affected requested lines and no provider checkout (3.003942ms)
✔ only a complete single-provider default is display-suppressed; raw IDs/price/title remain intact (2.368575ms)
✔ current product choice replaces prior presentation metadata on cart merge; old unproven rows stay literal (0.413383ms)
✔ cart bounds and exact allowlisted checkout prevent injected redirects and malformed quantities (2.198167ms)
✔ checkout rereads only fixed storefront variant IDs and rejects unavailable, missing or substituted options (62.031174ms)
✔ review binds prices, exact contents and checkout path; mixed-currency totals never merge (1.321949ms)
✔ local storage is bounded; unavailable variants cannot enter basket; API descriptions remain plain text (0.746434ms)
✔ explicit missing shared variant requires a deliberate replacement; absent choice picks available option (0.784655ms)
✔ edge validates auth and actual content before touching storage (59.486497ms)
✔ edge immutable storage retry finalizes same asset and never upserts (12.301903ms)
✔ storage outage never returns publication or finalization success (6.804552ms)
✔ private unposted media GET does not sign a storage URL (1.064929ms)
✔ published media gets bounded signed redirect and cleanup is service-only (1.788301ms)
✔ real PNG dimensions and content hash are read from bytes (16.022037ms)
✔ renamed HTML, unsupported types, oversized and avatar video rejected (0.913536ms)
✔ MP4 requires actual movie/video track rather than filename or ftyp magic only (0.446775ms)
✔ short binary headers never produce valid media metadata (0.464548ms)
✔ upload validates exact asset URL and preserves request metadata (40.17348ms)
✔ actual generated H264 MP4 parses and unsupported codec/long duration rejects (1.410885ms)
✔ stored corrupt or offscreen player positions clamp inside viewport (2.44605ms)
✔ keyboard movement is explicit and clamp can be reapplied after resize (0.359061ms)
✔ catalogue uses real reviewed sources and provider-safe embed IDs only (1.801916ms)
✔ stored queue rejects unknown IDs and duplicates instead of inventing catalogue entries (1.349691ms)
✔ named playlists snapshot queue independently; exact-name save deliberately updates (0.845419ms)
✔ storage refusal does not produce a persistence success receipt (0.56736ms)
✔ the community feed is a first-class channel in the composer (3.216322ms)
✔ the publish button and the publish handler agree (0.491227ms)
✔ publishing now is explicit, not inferred from the status (0.345446ms)
✔ a post can never reach the feed twice (0.307985ms)
✔ the author-explicit insert is unreachable from a browser (0.671645ms)
✔ the worker authenticates, fails closed, and is time-boxed (0.26219ms)
✔ station selection is exact reviewed allowlist, never caller-controlled streams (1.562358ms)
✔ playing state only corresponds to actual media event, errors never claim success (0.517737ms)
✔ ritual preserves actual no-nameday and next-feast behavior (7.833484ms)
✔ daily rotation uses Athens day and wraps deterministically (28.667466ms)
✔ post media never upgrades a poster-only image into a video (0.417139ms)
✔ backend failures cannot expose raw server text in the interface (0.412621ms)
✔ publication recovery rejects malformed or duplicate assets (1.877458ms)
✔ retry records survive reread but are isolated by profile and operation (1.352367ms)
✔ storage denial or dropped writes prevent claiming durable recovery (0.84053ms)
✔ identity follows actual authenticated account and fences changes (2.547158ms)
✔ uncertain profile edits reconcile only exact payload and next version (0.439421ms)
✔ unresolved identities never use email or token as private scope (0.478874ms)
✔ JWT subjects work without metadata and conflicting identities fail closed (0.680661ms)
✔ exact deadline boundaries and completed blocked/overdue classification describe persisted work (9.148296ms)
✔ a completed project with remaining work gets a review action while complete tasks never auto-complete project (0.962508ms)
✔ document and export scope rejects mixed private workspace even when unrelated to selected company (1.036917ms)
✔ explicit registration null/empty clears do not gain inferred readiness from a display name (0.550228ms)
✔ unrelated invalid workspace rows and duplicate identities fail before filtered console/export (0.355223ms)
✔ cross-company saved attention excludes archived work and completed overdue tasks (6.362546ms)
✔ company filter never mixes another company and query matches linked project names (0.903588ms)
✔ upcoming is a precise seven-day window and assignee filter stays explicit (0.895172ms)
✔ sparse company has no invented tasks, legal readiness or obligations (0.579232ms)
✔ malformed sparse responses fail closed even when no company is present (0.751474ms)
✔ handover contains only selected saved scope and distinguishes unqueried document records (0.75512ms)
✔ contact deep links resolve to the exact current Operations record (0.889612ms)
✔ sparse company directs authorized caller toward first project without fabricated progress (5.522688ms)
✔ saved blocked and overdue tasks drive actionable next steps, completed deadlines are excluded (1.609437ms)
✔ project/task completion disagreement remains visible and never changes saved records (0.422259ms)
✔ archived and unrelated companies/projects/tasks are not included in completion (0.3368ms)
✔ malformed authority data fails closed {"workspace_id":"00000000-0000-4000-8000-000000000099"} (0.515453ms)
✔ malformed authority data fails closed {"version":0} (0.187891ms)
✔ malformed authority data fails closed {"title":""} (0.346117ms)
✔ malformed authority data fails closed {"status":"pretend"} (0.175127ms)
✔ malformed authority data fails closed {"id":"bad"} (0.207147ms)
✔ document project context exposes only exact active project and saved document versions (0.5733ms)
✔ private project documents reject viewer (0.241081ms)
✔ private project documents reject foreign (0.214561ms)
✔ private project documents reject other_project (0.281516ms)
✔ private project documents reject removed_project (0.207898ms)
✔ private project documents reject duplicate_project (0.20908ms)
✔ private project documents reject bad_version (3.556824ms)
✔ company aggregation follows exact persisted project linkage (1.787389ms)
✔ company context fail closed missing (0.525742ms)
✔ company context fail closed archived (0.61006ms)
✔ company context fail closed scope (0.23548ms)
✔ company context fail closed duplicate (0.22469ms)
✔ private files use project scope and never imply other company ownership (0.499553ms)
✔ durable company route preserves exact UUID and rejects malformed intent (2.055941ms)
✔ composer calls authenticated caption generation and returns only provider text (10.039866ms)
✔ missing authentication never sends an AI request (1.899248ms)
✔ composer preserves drafts on unavailable provider (4.354114ms)
✔ composer preserves drafts on unauthorised workspace (1.393052ms)
✔ composer preserves drafts on provider error (1.288396ms)
✔ composer preserves drafts on malformed response (4.954836ms)
✔ composer preserves drafts on empty caption (1.952297ms)
✔ composer uses refreshed authentication (2.775505ms)
✔ AI suggestions require explicit application and reject stale editor state (2.078773ms)
✔ community publishing sends only the saved post id, never mutable editor content (2.380557ms)
✔ only requested selected fields, alternatives preserved, no automatic recipient (3.337595ms)
✔ properties queried first; select called directly and never requests address or icon (0.862321ms)
✔ unsupported, insecure, embedded and missing gesture never open picker (0.467854ms)
✔ cancel and late destroyed results never import; permissions failure has manual fallback (1.552666ms)
✔ review evidence retains exact extractor text and bounded snapshot, and identical reruns are immutable (33.313298ms)
✔ owner-managed records retain a refusal snapshot without fetching source (5.546932ms)
✔ workspace ownership refusal is retained without exposing owner identifiers (4.560108ms)
✔ same-tab save clear and refresh publish identity change without session data (47.915213ms)
✔ require refuses an actor change between invocation and send (6.621638ms)
✔ prefer refuses an actor change between invocation and send (1.41859ms)
✔ same-actor explicit save invalidates queued private request (1.580783ms)
✔ same-actor explicit logout/relogin invalidates queued private request (1.549755ms)
✔ unobserved external account change while body is held refuses private response (16.568063ms)
✔ same-session JWT refresh keeps an in-flight response valid (39.743827ms)
✔ refresh with changed actor cannot commit credentials or send RPC (2.051994ms)
✔ refresh with changed session cannot commit credentials or send RPC (2.003614ms)
✔ refresh with changed metadata cannot commit credentials or send RPC (2.983053ms)
✔ unseen storage transition prevents stale refresh credential commit (2.815409ms)
✔ unseen storage transition prevents stale verify credential commit (2.244583ms)
✔ anon anonymous invocation stays anonymous after sign-in (2.719009ms)
✔ prefer anonymous invocation stays anonymous after sign-in (2.000177ms)
✔ external same-session token rotation preserves response but logout storage boundary invalidates it (12.820476ms)
✔ malformed JWT claim payload never crashes storage reconciliation (7.007691ms)
✔ parallel expired requests share one refresh (52.847416ms)
✔ refresh completion cannot restore a signed-out session (2.144847ms)
✔ transient refresh failure retains refresh credentials (3.0081ms)
✔ invalid refresh clears expired credentials (2.294146ms)
✔ RPC timeout aborts and never retries mutation (23.265557ms)
✔ application error envelopes cannot be success receipts (1.968307ms)
✔ signout clears locally even if remote revocation fails (1.5202ms)
✔ a signed-out request cannot expose its previous account response (3.670377ms)
✔ every eligible creator receives four layouts without curated Peter facts or false channels (14.235704ms)
✔ curated source identity remains exact; generic visibility and source URL validation fail closed (0.800586ms)
✔ owner fields and clears win; prepared contact drafts contain current identity only (0.742026ms)
✔ all four reusable creator templates preserve real public actions (48.805228ms)
✔ owner presentation copy escapes markup and sections cannot duplicate (2.105894ms)
✔ local collaboration proposal retains explicit status and encoded contact (0.813299ms)
✔ show reminders are all-day and never ticket confirmations (0.852923ms)
✔ local shortlist accepts only current known show ids and HTTPS links (1.322431ms)
✔ reload retains opaque recovery reference, never private arguments (7.620927ms)
✔ only matched terminal receipts can be accepted; missing is not saved (0.554977ms)
✔ unavailable or corrupt durable storage fails before a mutation can start (0.685791ms)
✔ silent storage failure prevents sending without a durable marker (0.361926ms)
✔ readback error after successful persistence fences replacement until remount (0.606313ms)
✔ delivery links require HTTPS, no embedded credentials or spaces (1.781639ms)
✔ sponsorship and performance forms preserve distinct real workflow fields (45.260494ms)
✔ receipt identity is checked and backend internals stay out of UI (0.615901ms)
✔ inspect and recover never mutate and request read-only SQL (7.79926ms)
✔ restart records diagnostics then makes exactly one restart request (1.153705ms)
✔ ambiguous restart failure is not retried (0.712351ms)
✔ health uses documented repeated service parameters and bounded timeout (1.873269ms)
✔ diagnostic observation and query ages use wall clock rather than transaction start (1.581584ms)
✔ mandatory diagnostic failures are nonzero and only safe error codes are logged (3.083911ms)
✔ activity output identifies diagnostics before keyword categories without exposing SQL (1.303996ms)
✔ complete ACTIVE_HEALTHY health and finite resource metrics pass (0.919077ms)
✔ HTTP 200 incomplete, malformed, duplicate, starting or unhealthy services fail closed (2.729149ms)
✔ HTTP 200 empty or malformed metrics cannot masquerade as usable resource diagnostics (2.15701ms)
✔ resources uses documented comma health encoding and only four bounded GET reads (1.997972ms)
✔ resource read failures do not trigger SQL, mutation or repeat (2.110312ms)
✔ disk diagnostic output allowlists finite values and discards extra provider fields (0.553925ms)
✔ malformed disk observations cannot masquerade as usable telemetry (2.079846ms)
✔ resource samples preserve finite observations without any arbitrary label values (0.781069ms)
✔ requirement identity survives list reordering and duplicates do not inflate completion (3.51643ms)
✔ cannot mark verified without evidence or silently lose unknown task receipts (1.609206ms)
✔ untrusted requirement copy cannot break out of embedded JSON (0.486949ms)
✔ same requirement in different sectors stays independently reviewable (0.381933ms)
✔ forged immutable fields, invalid dates and arbitrary evidence are rejected (1.11342ms)
(node:273818) ExperimentalWarning: stripTypeScriptTypes is an experimental feature and might change at any time
(Use `node --trace-warnings ...` to show where the warning was created)
✔ delivery-charge denies disabled, invalid-session and unauthorized calls before Stripe (84.649788ms)
✔ delivery-connect-onboard denies disabled, invalid-session and unauthorized calls before Stripe (40.715633ms)
✔ intent creation never claims payment completed and requires persisted receipt (20.11705ms)
✔ invalid fee split blocks Stripe and onboarding URLs cannot redirect externally (10.396863ms)
✖ no page silently inherits design-system styling through a reused class name (3421.773301ms)
✔ the recorded collision baseline is still accurate (703.655444ms)
✔ the hidden attribute is guarded globally (0.719745ms)
✔ the shared shell exposes the continuity utilities needed for a consistent product (0.775589ms)
✔ every page that styles the globe container also ships the loader (591.071509ms)
✔ a real bounded candidate beyond the former eight-row cut remains selectable without client-specific ranking (2.243441ms)
✔ an overlarge response remains bounded while exact name and prefix ordering preserve stable public identities (1.534026ms)
✔ wider candidates retain exact city, country and categories and cannot introduce disabled categories (1.09176ms)
✔ public autocomplete preserves filters and explicitly separates cross-category fallback (2.927429ms)
✔ in-filter results avoid fallback, unsafe records and private fields never leave projection (0.516505ms)
✔ short query makes no requests and failure does not invent results (1.687893ms)
✔ cancelled and stale responses cannot reopen or replace newer suggestions (18.782689ms)
✔ a temporary transport failure recovers without asking the visitor to retry (4.095444ms)
✔ hung transport is bounded and retried, and persistent failure stays honest (15.798624ms)
✔ closing suggestions cancels a scheduled automatic retry (40.681138ms)
✔ strict map scope never expands an empty suggestion result into another city (0.424664ms)
✔ map suggestions omit disabled categories when several categories remain selected (2.133967ms)
✔ multi-category selection reaches RPC before its limit with one scoped request (0.852653ms)
✔ no selected types means no fetch and malformed selections fail closed (0.436506ms)
✔ multi-category request keeps cancellation signal and cannot broaden an empty category response (0.387915ms)
✔ country city names deduplicate regions while preserving source country and exact city identity (15.989761ms)
✔ malformed catalogs fail explicitly and incomplete names cannot become invented cities (0.88323ms)
✔ document transport fails closed without scope and before post-refresh identity change (2.099933ms)
✔ download body cannot cross scope change; raw denials preserve status (44.434539ms)
✔ same-account transport preserves request body and server receipt (2.08738ms)
✔ download uses caller authorization, fixed60sec signing, attachment and no-store (50.701829ms)
✔ upload calculates hash from bytes and stores immutable private object before finalizing (25.853635ms)
✔ fake PDF rejected before any metadata reservation or object upload (5.255037ms)
✔ authenticated file proxy forces attachment, no-store and nosniff without issuing signed URL (5.63449ms)
✔ only bounded explicit document formats accepted (2.541158ms)
✔ bytes must match declared MIME and exact size (0.596865ms)
✔ text rejects binary and invalid UTF8 (0.382985ms)
✔ content hash stable for upload idempotency (15.367769ms)
✔ stream bound enforced without Content-Length before multipart allocation (40.109371ms)
✔ stream accepts an exact bounded payload (5.274223ms)
✔ stalled upload stream has a bounded read deadline (6.563191ms)
✔ download proxy aborts storage stream exceeding its hard byte limit (1.376632ms)
(node:273887) ExperimentalWarning: stripTypeScriptTypes is an experimental feature and might change at any time
(Use `node --trace-warnings ...` to show where the warning was created)
✔ provider remains disabled without explicit delivery enablement (43.824521ms)
✔ provider acceptance uses durable idempotency and unsubscribe headers (9.885799ms)
✔ provider success without a persisted receipt never reports success (5.446035ms)
✔ retryable provider failure returns recipient to durable pending state (12.231702ms)
✔ unsubscribe GET never mutates subscription; POST requires confirmed receipt (3.07207ms)
✔ viewers and missing tokens cannot prepare or send mail (3.672871ms)
✔ unconfirmed email save cannot reuse an old campaign identifier: null (5.985241ms)
✔ unconfirmed email save cannot reuse an old campaign identifier: false (1.437545ms)
✔ unconfirmed email save cannot reuse an old campaign identifier: {"ok":false} (1.173452ms)
✔ unconfirmed email save cannot reuse an old campaign identifier: {"ok":true} (1.593808ms)
✔ confirmed save retains the latest local snapshot before list refresh (1.320868ms)
✔ email mutation guard prevents overlapping requests and locks editable controls (1.530509ms)
✔ email scheduling is blocked when the actual provider is unavailable (1.678366ms)
✔ live email save UUID scalar is accepted as a confirmed identifier (3.328378ms)
(node:273896) ExperimentalWarning: stripTypeScriptTypes is an experimental feature and might change at any time
(Use `node --trace-warnings ...` to show where the warning was created)
✔ RPC deadline covers both stalled headers and stalled response body, aborts and never retries (146.846816ms)
✔ expired invocation starts no RPC and independent invocation budgets do not cancel one another (2.271704ms)
✔ source deadline is rechecked after politeness wait before opening fetch (74.021593ms)
✔ DNS default remains compatible but a late first lookup cannot initiate a second lookup (6.234561ms)
✔ actual handler reports ambiguous apply outcome with original lease, without retry or false failed-write receipt (58.227548ms)
✔ expired host queue wait never runs its source callback after the preceding request finishes (19.528853ms)
✔ timed-out host waiter preserves serialization for a third caller and drains retained host state (24.707043ms)
✔ metadata-only React source is routed to rendered-source repair, not successful empty enrichment (3.435327ms)
✔ same gate applies to restaurant, church, school and creator shells (0.311562ms)
✔ SSR pages with source content and hydration are not shells (0.26786ms)
✔ sparse server rendered contact and photo pages retain useful source evidence (2.0933ms)
✔ empty static document is not misrepresented as a renderable app (0.234398ms)
✔ Nostos title plus short verification body is challenge evidence, not available business content (1.237041ms)
✔ marketing wording or an ordinary business page discussing verification is not a challenge (0.473495ms)
✔ actual worker wrapper extracts exact legal member component and excludes organization metadata (9.763479ms)
✔ blocked, unmatched and duplicate legal sources select explicit error preservation branch (1.153085ms)
✔ successful source refresh preserves previous reviewed facts on the same scoped identity (1.095056ms)
✔ actual association organizations and unrelated practices retain generic extraction (0.580334ms)
(node:273915) ExperimentalWarning: stripTypeScriptTypes is an experimental feature and might change at any time
(Use `node --trace-warnings ...` to show where the warning was created)
✔ actual worker handler takes member branch before generic metadata and supplementary fetches (107.288187ms)
✔ challenge and HTTP refusal select database preservation branch (11.369504ms)
✔ missing lease identity and redirect to unrelated organization fail closed (7.340133ms)
✔ known legal association roots protected but actual organization and ordinary practice proceed (13.24856ms)
✔ association subdomains and legacy HTTP sources cannot leak organization branding (0.534659ms)
✔ ordinary restaurant refusal, robots and unsafe-host paths preserve prior machine data and stop retries (10.922175ms)
✔ actual worker prevents institution homepage media and contacts becoming a parish (4.724236ms)
✔ ordinary business challenge enters preservation branch with original lease and no useful extraction (2.663435ms)
✔ supplementary contact extraction cannot refill a source email conflict (19.380472ms)
✔ actual worker catalogue preserves original property scope across initial redirects (11.333998ms)
✔ actual worker rejects sibling-property supplemental catalogue but accepts exact source with hash (15.880096ms)
✔ extracts only explicit nested menu records preserving price currency and source (4.011554ms)
✔ does not derive menu facts from prose, filenames, reviews or arbitrary Product nodes (1.418981ms)
✔ multiple offers do not become a guessed price and hostile text remains plain data (0.478794ms)
✔ malformed and oversized input is bounded without exceptions (2.855264ms)
✔ explicit published product HTML requires matching name, visible currency price and product control (1.772681ms)
✔ pinned API packaging reaches every worker and external shared source dependency (5.61545ms)
✔ regression demonstrates compact import was skipped despite valid JavaScript (1.87893ms)
(node:273942) ExperimentalWarning: stripTypeScriptTypes is an experimental feature and might change at any time
(Use `node --trace-warnings ...` to show where the warning was created)
✔ actual worker extraction separates logo, hero, gallery and contact/social provenance (22.930658ms)
✔ successful page lacking images clears stale machine imagery instead of retaining old logo hero (1.155709ms)
✔ aggregator subdomains do not gain website branding through new image extraction (0.247963ms)
✔ actual worker includes source-attributed structured menus without overwriting unrelated fields (1.109002ms)
✔ actual worker recognizes German menu links and labels structured HTML provenance accurately (1.876005ms)
✔ metadata keeps embedded opposite quotes, attribute order and encoded punctuation (2.147762ms)
✔ conflicting source email remains unset with exact review provenance, never first-wins (1.313965ms)
✔ multiple distinct links do not select a designer or unrelated contact (0.646347ms)
✔ matching duplicate contacts do not conflict; hidden/script/comment mailtos are not contacts (1.283508ms)
✔ actual worker excludes clear phone placeholders and retains official international telephone (2.427095ms)
✔ counts only exact applied true receipts; rejected leases are not success (2.123938ms)
✔ missing, duplicate, unexpected and malformed receipts never imply success (0.746314ms)
✔ canary selection is at most three actual UUIDs, never URLs (0.629556ms)
✔ legacy HTML declaration preserves accented source text without a transport charset (7.719521ms)
✔ transport and BOM take priority over conflicting HTML declarations (0.44969ms)
✔ charset text inside a quoted MIME parameter is not a declaration (0.345926ms)
✔ comments, quoted attribute text and script strings are not declarations (5.570146ms)
✔ slash separated legacy meta attributes retain declared source characters (0.692504ms)
✔ HTML-only prescan is bounded, ignores unsupported labels and requires legacy pragma (0.535911ms)
✔ 12 actual same-slug canonical requests share primary and optional public reads (80.604789ms)
✔ distinct slugs never share projection or optional scope (19.936955ms)
{"event":"public_home_unavailable","reason":"http_503"}
{"event":"public_home_unavailable","reason":"http_503"}
{"event":"public_home_unavailable","reason":"http_503"}
{"event":"public_home_unavailable","reason":"http_503"}
{"event":"public_home_unavailable","reason":"http_503"}
{"event":"public_home_unavailable","reason":"http_503"}
{"event":"public_home_unavailable","reason":"http_503"}
{"event":"public_home_unavailable","reason":"http_503"}
✔ a failed burst is evicted; later request observes success without error cache (24.48368ms)
{"event":"public_home_read_retry","reason":"http_502"}
✔ same burst shares one whole recovery sequence, not independent retries (137.730716ms)
✔ next request immediately observes explicit owner clear and later not-found (51.219264ms)
{"event":"public_home_unavailable","reason":"http_503"}
✔ canonical professional home applies only its matching published owner design (52.684851ms)
✔ public home has bounded shared caching and optional failures preserve its real content (8.046242ms)
✔ optional queries start concurrently and settle independently (4.948855ms)
✔ primary failure is uncached retryable503 with no request amplification or publication promise (2.474172ms)
✔ unknown and missing homes are never cached or followed by optional queries (1.40822ms)
{"event":"public_home_unavailable","reason":"response_or_render"}
{"event":"public_home_read_retry","reason":"http_502"}
✔ deadline remains active while reading a stalled response body (16.685341ms)
✔ legacy canonical redirect skips optional work and has a short cache (2.357714ms)
✔ verified workflow links reach real booking, enquiry and volunteer entry points (5.770209ms)
✔ directions prefer street address and never route to unverified centroid coordinates (12.087066ms)
✔ public business data cannot inject executable actions or close the structured-data script (4.311785ms)
✔ artist hometown without a venue address does not become a directions destination (4.459972ms)
✔ a transient gateway failure retries only the primary public read once (103.675102ms)
✔ shared gallery labels do not invent interiors and count singular/plural (14.104708ms)
✔ explicit social removal clears public buttons and structured data without removing website identity (8.47926ms)
✔ only exact event, dual confirmation and safe future identity rows (25.151657ms)
✔ current authoritative owner clear wins over reviewed artist defaults (3.503255ms)
✔ owner supported selection validated, unsafe URL does not create player (0.753808ms)
✔ render escapes author content and does not promise playback or insert iframe (1.452253ms)
✔ hidden owner section never queries or renders (0.708203ms)
✔ JSON extraction does not parse image elements and honors hidden playback sections (1.274621ms)
✔ table discovery belongs only to real event pages and honours hidden offerings (23.174483ms)
✔ generic venue inherits four designs using only its own spaces and capacity (2.587494ms)
✔ generic event uses actual published metadata with no price or seating inference (1.623844ms)
✔ owner clears, visibility, unsafe sources and internal capability boundaries fail closed (4.037813ms)
✔ hidden/reordered generic sections and escaped authored copy preserve same renderer contract (1.127186ms)
✔ source image positions cover all118 exact printed labels within800x659 (1.9123ms)
✔ preferences bounded and enquiry never asserts inventory (0.594551ms)
✔ venue enquiry validates actual date and bounded guest count (0.537193ms)
✔ four reusable designs honor escapedcopy visibility and canonical defaults (4.864181ms)
✔ unchanged curated source retains experience, changed/cleared website receives safe generic family (33.701319ms)
✔ explicit unrelated business type/clear overrides inferred curated promoter eligibility (0.306062ms)
✔ sparse eligible promoter and venue share fallback and hidden records remain excluded (0.741585ms)
✔ receipt validation rejects paid/issued, wrong quantity/method/policy and unsafe server policy (2.774554ms)
✔ unknown outcome retains exact request and reload can retry without replacing nonce (3.144655ms)
✔ historical recovery must match saved scope, then live policy is read separately (1.063828ms)
✔ account changes discard late responses without clearing previous account recovery (0.486258ms)
✔ definitive method rejection clears request but changed payload conflict remains recoverable (1.479835ms)
✔ policy save validates expected version, workspace and explicit door flag (0.333423ms)
✔ guest list rejects inconsistent quotes, duplicate private references and unsafe methods (0.623164ms)
✔ a refusal after an uncertain attempt cannot discard original recovery nonce (0.678207ms)
✔ deadline policy binds exact instant and clear, malformed deadline is rejected (0.832966ms)
✔ cancel settles only exact request scope and fences immutable unknown intent (1.8364ms)
✔ new deadline policy uses configure while restored legacy intent uses legacy writer (0.741085ms)
✔ invalid actor cannot access recovery storage or persist token material (0.397733ms)
✔ resource semantics and truthful catalog validates dates and units (2.588938ms)
✔ selection copies actual provider snapshot and totals keep currencies separate (1.22038ms)
✔ save receipt requires exact snapshot and confirmation requires every booking (2.537982ms)
✔ milestones never transfer a count from a different event or expired report (35.694663ms)
✔ timeline embeds accept official page identity only and encode query input (0.689669ms)
✔ curated posts escape content and unsafe links never render (0.612033ms)
✔ owner photo clears and explicit publicity do not inherit official video fallback (1.786697ms)
✔ future sales updates do not render before their report date (0.302415ms)
✔ owner report is dated, provider canonicalized and scoped (3.985486ms)
✔ expiry future and disabled announcements never become live availability (1.229407ms)
✔ owner clear wins and unreviewed machine publicity is not published (0.289982ms)
✔ invalid counters dates urls duplicates and dangerous embeds rejected (1.061192ms)
✔ generic event and venue owner links render; sales match only the actual event (39.197887ms)
✔ identity is account UUID, never profile or inconsistent token identity (1.772201ms)
✔ only exact event UUID inventory with explicit pricing and fee approval is renderable (1.957277ms)
✔ public read uses no account token and authenticated transport captures exact actor (1.464616ms)
✔ account changes during refresh prevent writes, and after send suppress stale replies (1.344381ms)
✔ transport preserves only database error code needed for exact first-refusal handling (0.671995ms)
✔ failed session refresh sends no private request and clears expired identity (0.64752ms)
✔ room follows exact source identity and current owner floor-plan choice (5.454079ms)
✔ published alphanumeric tables remain separate from adjacent numeric IDs (1.854454ms)
✔ selected source table survives group enquiry without claiming inventory (1.342598ms)
✔ interactive room is removed for cleared plan and sparse events remain usable (4.50198ms)
✔ logo, square artwork and normal photos retain distinct fitting (1.700056ms)
✔ missing imagery is an honest identity mark, not a generated cover; sourced badge removed (0.69053ms)
✔ shared source image guard excludes website screenshots from cards (0.689178ms)
✔ listing links use current identity rather than stale paths and reject unsafe fallback destinations (2.807304ms)
✔ quick look keyboard wraps both directions and does not trap when closed (1.471369ms)
✔ empty-state addition preserves bounded public query context without interpreting it as a destination (1.695447ms)
✔ blank and excessive query input cannot create arbitrary links or unbounded URL context (2.077882ms)
✔ follow uses authenticated actual profile and only commits matching success; unfollow is generic (5.894591ms)
✔ refusal and unknown transport outcome never claim success or update confirmed cache (3.786103ms)
✔ account switch discards stale successful response and never imports global optimistic follows (12.256127ms)
✔ signed-out action requires sign-in without a write or local success (1.324133ms)
✔ review read sends exact RPC parameter and all inline scripts remain syntactically valid (6.020718ms)
✔ event follow labels do not claim attendance or fabricate local going state (1.561517ms)
✔ account change immediately repaints connected controls and prunes detached views (1.613765ms)
✔ city selector combines aliases without altering source data (3.274527ms)
✔ unknown-country duplicate stays searchable without invented geography (0.446134ms)
✔ cities shared across countries remain one unambiguous broad search (0.453257ms)
✔ browse index contains no broken geography paths or stale counts (0.452636ms)
✔ latest search wins when older network responses arrive afterward (3.19043ms)
✔ search failures leave an actionable retry and clear busy state (1.962075ms)
✔ failed category counts preserve selected filter and a successful explicit retry restores facets (27.453226ms)
✔ directory requests forward cancellation and clean up timeout after abort (3.844642ms)
✔ directory timeout still aborts a current hung request without caller signal (1.528205ms)
(node:274115) ExperimentalWarning: stripTypeScriptTypes is an experimental feature and might change at any time
(Use `node --trace-warnings ...` to show where the warning was created)
✔ capture fingerprint changes when an injected image helper changes, even with the same worker body (152.456387ms)
✔ faith hub real imagery identity and useful actions without invented service times (31.939428ms)
✔ welcome journey links target actual sections and preserve sourced photo controls (5.81379ms)
✔ suggestions require three letters and debounce qualifier changes into one bounded call (12.864224ms)
✔ clearing input and changing qualifiers fence late successful and failed responses (2.349079ms)
✔ IME never requests unfinished text; explicit city search remains available (0.764018ms)
✔ invalid receipts show errors and results stay capped with valid identifiers (2.109992ms)
✔ parish paths preserve current Unicode identity and reject traversal or external URLs (6.213918ms)
✔ offer edits preserve explicit time zone, price units and publication state (73.139966ms)
✔ applicant fields and requested units are captured independently of offer price (0.69007ms)
✔ stable direct offer links and response identity checks (0.367016ms)
✔ floating controls remain reachable after dragging past edges or rotating (2.132834ms)
✔ nonfinite and undersized viewport positions fail to a reachable origin (0.272302ms)
✔ restaurants actual owner alias clear and replacement survive public adapter and generic normalization (14.630993ms)
✔ restaurants actual owner promotions and catering replace imported seasonal/wholesale (1.319345ms)
✔ restaurants omitted owner fields retain current imported source behavior (0.869184ms)
✔ bakeries actual owner alias clear and replacement survive public adapter and generic normalization (6.289319ms)
✔ bakeries actual owner promotions and catering replace imported seasonal/wholesale (2.378353ms)
✔ bakeries omitted owner fields retain current imported source behavior (0.45491ms)
✔ explicit website clear does not resolve relative owner provider against previous website (0.888791ms)
✔ all118 source identities retained; only known sponsor footprints furnished (4.088188ms)
✔ invalid or duplicate source geometry fails before scene (0.480498ms)
✔ table view uses selected source location facing actual source stage (1.259443ms)
✔ couches never face away from stage: front side-on, U opening toward stage (0.473795ms)
✔ rendered sponsor assembly stays within exact source footprint after90degree rotation (1.355062ms)
✔ only confirmed side boothIDs1and23 useU; front17 stays side-onpair (0.652689ms)
✔ side lounges span illustrated stage depth and preserve original source position separately (1.58432ms)
✔ camera cannot orbit behind stage or below floor (0.349633ms)
✔ standard seating is visible on both long sides and never replaces VIP couches (4.814354ms)
✔ phone starts at a readable stage-facing lounge view and desktop retains whole-room overview (0.43881ms)
✔ selection framing retains stage backdrop and exact table in portrait and landscape (5.140894ms)
✔ camera easing is time-based and bounds resumed-frame motion (0.263933ms)
✔ all 118 room surfaces retain published category colours and per-guest prices (1.120314ms)
✔ mobile fullscreen stage fits below controls without altering desktop or table sightlines (0.200605ms)
✔ test placement only accepts source tables and reviewed matching businesses (0.451283ms)
✔ preview camera keeps phone branding readable and desktop placement in room context (0.204281ms)
✔ saved request precedes mutation, has no contact PII and recovers current cancellation after immutable reply (4.660536ms)
✔ missing receipt does not clear nonce or permit replacement tier/quantity (2.904707ms)
✔ scope changes and legacy latches fail closed without rebinding or request (0.607905ms)
✔ mismatched receipt/current state cannot clear warning and storage denial prevents mutation (0.546511ms)
✔ late response after account change cannot expose receipt or clear original nonce (0.918436ms)
✔ sign-in cannot bypass an unresolved guest latch or send its nonce under another actor (0.461622ms)
✔ malformed or legacy guest latch still blocks new signed-in reservations; another event does not (0.757234ms)
✔ confirmed reference survives remount without code/contact/status; every view still reads current server state (2.013121ms)
✔ reference write failure preserves original uncertain request (0.910461ms)
✔ history is capped at five and removes expired references without retaining extra fields (0.876948ms)
✔ completing six confirmed requests retains only the five newest nonce locators (3.316215ms)
✔ geography contract canonicalizes safe country aliases (2.055069ms)
✔ geography aggregates exclude records that cannot produce a valid public path (0.245158ms)
✔ search and map return canonical country labels (2.000978ms)
✔ geography migration does not mutate or delete listings (0.303247ms)
✔ search keeps ranking metadata out of the public JSON shape (0.320649ms)
✔ search exposes verified profile and enrichment media when the listing column is empty (0.252081ms)
✔ enrichment control plane leases work and exposes completeness without inventing data (1.005619ms)
✔ enrichment reads direct machine fields and schedules guarded hourly work (1.457814ms)
✔ enrichment integrity guards malformed metadata and replaces stale machine fields (0.809292ms)
✔ the coastline actually covers the continents (11.83542ms)
✔ real places land on land, and open ocean stays sea (5.248424ms)
✔ great-circle arcs follow the sphere, not a straight line on a flat map (0.910281ms)
✔ the graticule is a closed set of meridians and parallels (0.822958ms)
✔ the globe style is valid and needs no external source at all (18.220849ms)
✔ the gazetteer carries coordinates and weights but never counts (7.156519ms)
✔ cityData() shapes the gazetteer for the renderer without inventing numbers (2.173332ms)
✔ static globe becomes ready without scheduling frames; explicit motion respects reduced motion (3.082849ms)
✔ member state exposes own valid status only and rejects malformed receipts (1.708962ms)
✔ membership and settings receipts require matching tenant and next version (0.429222ms)
✔ attendance receipts cannot confirm another member, event or stale version (0.446945ms)
✔ health social metadata preserves the complete reviewed Person schema exactly once (11.975162ms)
✔ sparse and owner-cleared health cards have no borrowed image or invented credentials (3.593223ms)
✔ hostile owner metadata remains escaped without executable script fragments (0.79747ms)
✔ reviewed nurse person receives member facts, never society image/socials/role inference (10.407753ms)
✔ generic medical professional eligibility works across actual roles without inferred credentials (1.171739ms)
✔ all four layouts preserve real customer controls and distinguish membership source (4.311454ms)
✔ contact preparation stores only practical enums and vCard blocks field injection (0.945106ms)
✔ unsafe portrait/contact URLs and owner clears do not restore stale organization content (2.472318ms)
✔ all normal text/button palettes meet 4.5 contrast (0.975772ms)
✔ canonical structured data describes Person with society memberOf, never MedicalClinic or employer (2.011387ms)
✔ unreviewed society profile does not infer physician, language, contact or picture from organization/base defaults (0.574584ms)
✔ health contact actions and vCard use current published website separately from member provenance in every layout (19.78459ms)
✔ explicit owner clears and unsafe navigation never revive old websites or use provenance as contact URL (9.466074ms)
✔ owner overlay and actual post-save identity both suppress old curated hotel content (2.886322ms)
✔ sparse records retain legitimate HTTP navigation without accepting HTTP media (0.704075ms)
✔ media URLs reject script credentials protocol-relative and insecure links (1.580673ms)
✔ photos remain labelled photos; direct video requires explicit approval and MP4 (1.945604ms)
✔ YouTube reuses provider identity safeguards and rejects mismatched embed (2.667213ms)
✔ sparse unsupported input stays empty and gallery work is bounded (2.084224ms)
✔ Facebook video references allow only explicit numeric official video routes (0.800005ms)
✔ creator all4 owner order/hide/copy matches rendering without dead local links (52.982197ms)
✔ events all4 owner order/hide/copy matches rendering without dead local links (3.313209ms)
✔ music all4 owner order/hide/copy matches rendering without dead local links (33.748036ms)
✔ professional all4 owner order/hide/copy matches rendering without dead local links (2.348969ms)
✔ health all4 owner order/hide/copy matches rendering without dead local links (2.150638ms)
✔ restaurant all4 owner order/hide/copy matches rendering without dead local links (13.390175ms)
✔ section helper rejects malformed arrays/unknown keys and preserves untouched defaults (2.215779ms)
✔ operational record helper uses exact namespaced keys and stable existing order, never reassigns identities (0.778885ms)
✔ creator and event introductions can be moved after contact instead of forced first (5.515854ms)
✔ design validation keeps authored copy literal and rejects executable configuration fields (2.769995ms)
✔ pointer and keyboard reordering retain every item exactly once (0.447175ms)
✔ new offerings remain visible and removed offerings are ignored (0.302405ms)
✔ publish and restore cannot smuggle unsaved design or operational changes (0.520222ms)
✔ receipts bind request, business, workspace, action and exact next version (0.566679ms)
✔ lost response retains exact account-scoped request across reload; another account cannot inherit it (0.617835ms)
✔ music renders approved Zoi identity in all four populated and sparse designs before and after client rendering (99.274485ms)
✔ creator renders approved Zoi identity in all four populated and sparse designs before and after client rendering (18.851027ms)
✔ hospitality renders approved Zoi identity in all four populated and sparse designs before and after client rendering (12.995557ms)
✔ hospitality canonical head carries approved favicon without replacing hotel schema (1.694085ms)
✔ normal pasted media links canonicalize to exact supported provider embeds (2.741843ms)
✔ executable markup credentials lookalikes posts and unsupported players rejected (0.784175ms)
✔ owner media is authoritative including clear and malformed data; no machine fallback (1.916179ms)
✔ IDs duplicate URLs size and returned exact receipt are checked (2.721164ms)
✔ Vimeo SoundCloud Apple Podcasts Instagram and TikTok are explicit link-only destinations (0.972167ms)
✔ canonical tags deduplicate stale metadata and empty images are omitted (8.087399ms)
✔ script-closing text remains data and unsupported image protocols disappear (1.248011ms)
✔ artist populated and sparse metadata has exact identity and canonical route (52.398548ms)
✔ professional populated and sparse metadata has exact identity and canonical route (4.317686ms)
✔ church populated and sparse metadata has exact identity and canonical route (6.276826ms)
✔ business populated and sparse metadata has exact identity and canonical route (8.107516ms)
{"event":"public_home_unavailable","reason":"http_503"}
✔ early incoming policy is idempotent, motion-aware and adds no script or stylesheet (5.86135ms)
✔ existing inline family policy remains authoritative (0.349102ms)
✔ actual public handler adds policy only to successful content, not errors or redirects (71.286053ms)
✔ private home preview rejects anonymous and malformed requests before data access (2.288956ms)
✔ private preview requires exact workspace/listing receipt (1.078034ms)
✔ reviewed healthcare owner receives inert HTML with chosen real template (10.20808ms)
✔ unsupported categories never return a fake working preview (1.838996ms)
✔ preview keeps styles while removing executable scripts and navigable links (0.779196ms)
✔ hotel private preview matches canonical renderer (sparse) (5.486831ms)
✔ hotel private preview matches canonical renderer (populated) (2.684775ms)
✔ hotel preview cannot use a different listing receipt or bypass visibility checks (0.94732ms)
✔ exact hotel source identity and safe generic fallback (4.537727ms)
✔ four layouts preserve owner copy hide order actions and safe hydration (14.90756ms)
✔ private plan validates dates guests and room identity without creating reservation (1.333712ms)
✔ verified provider carries only supported hotel and date parameters; enquiry remains draft (2.758042ms)
✔ owner booking override or clear is authoritative; generic links do not get invented prefill (1.683525ms)
✔ owner setup routes are real tools and distinguish timed services from hotel rental inventory (0.427959ms)
✔ generic hotel consumes normalized website fields and filters interface imagery (3.952714ms)
✔ owner media and contact clears suppress enrichment and curated fallback (0.988487ms)
✔ gallery-only hotel photos do not become the hero again in the model (1.864122ms)
✔ hospitality socials project official enrichment while owner clear/replacement remains authoritative (7.407278ms)
✔ all hospitality designs omit empty services and room selection without hiding populated owner services (7.560233ms)
✔ all rendered hotel categories use the owner catalogue schema while other families retain theirs (3.891039ms)
✔ source suggestions and explicit owner clears remain distinct (1.612171ms)
✔ catalogue validation accepts real owner fields and explicit clears without inventory claims (1.179212ms)
✔ prototype names are ordinary catalogue data (0.314537ms)
(node:274341) ExperimentalWarning: stripTypeScriptTypes is an experimental feature and might change at any time
(Use `node --trace-warnings ...` to show where the warning was created)
✔ source-derived AMARA named room links deduplicate empty links without inventing stock (14.122694ms)
✔ homepage catalogue discovery follows actual same-origin links only and preserves two-fetch contact/menu priority (1.274471ms)
✔ generic navigation, absent href, off-origin, credentials, fragments, scripts and unrelated pages are not offerings (0.975342ms)
✔ structured true amenities and named contained offerings only; conflicts fail closed (1.291052ms)
✔ review field contract rejects overflow, unsafe URLs, prices, duplicates and malformed arrays (1.21543ms)
✔ single-page capture -> reviewed lease payload -> canonical public model -> all four layouts (25.391756ms)
✔ owner partial clears win across designs, including curated amenities; mismatched/quarantined machine facts disappear (13.605648ms)
✔ sibling properties on a shared domain cannot donate rooms or amenities (2.261224ms)
✔ same-origin supplementary redirect cannot cross the current hotel property scope (0.857882ms)
✔ worker initial and supplementary catalogue acceptance are bound to the original lease website (1.19879ms)
✔ capabilities have 256 bits and are removed from the URL immediately (1.542581ms)
✔ lost response retains exact nonce/payload but persists no contacts or secrets (2.855975ms)
✔ missing receipt retains pending request after reload (2.513355ms)
✔ late account response never becomes another account receipt (0.759979ms)
✔ malformed and mismatched receipt cannot clear pending state (0.893209ms)
✔ a refusal after an uncertain attempt retains nonce (0.497149ms)
✔ storage refusal prevents both initial write and retry (0.71208ms)
✔ caller-supplied JSON clone preserves the exact retry payload without browser globals (0.588058ms)
✔ whole tickets produce per-guest totals and remaining quota, never fractional tickets (20.537637ms)
✔ over-allocation remains detectable while displayed remaining cannot go negative (0.268852ms)
✔ recipient preview refuses incomplete or misleading payment receipts before acceptance (0.867831ms)
✔ remount unknown requires explicit check then confirmed cancellation; no private payload persisted (9.777506ms)
✔ mismatched cancellation does not clear pending and actor change resets check authority (1.021208ms)
✔ accepted receipt wins cancellation race and is not treated as cancelled (1.037258ms)
✔ actual encoded reviewer portraits and restaurant generated maps are auxiliary; food is retained byte-for-byte (7.974217ms)
✔ known map providers and review-avatar semantics excluded without broad host or small-image bans (0.46609ms)
✔ owner-selected gallery/hero including maps or portraits remain authoritative and null clears hold (1.464295ms)
✔ actual extractor excludes proxy avatars and map even when declared as metadata image (15.787844ms)
✔ audited venue widget, social-share artwork and exact rate sheets are not machine photographs (3.225787ms)
✔ actual Olympic Hall and Calgary adapter projections show honest missing photographs (32.327933ms)
✔ AGFG publisher interface icons never become machine gallery photos; listing and artist imagery remains eligible (2.025023ms)
✔ reviewed full/half rating stars are interface artwork; Star Hotel photographs remain eligible (1.981542ms)
✔ restaurant public HTML and photo count exclude stored machine rating icons without mutating evidence (14.096965ms)
✔ all reviewed Tasty source candidates retain food and exclude decorative UI with owner precedence (6.209219ms)
✔ stored plus-delimited and weblogo artwork cannot replace genuine machine photographs; owner choices remain authoritative (5.302445ms)
✔ restaurant and hospitality projections share stored-logo filtering for populated and sparse homes (8.780905ms)
✔ message and subject enforce nonempty bounded trimmed text (1.772772ms)
✔ unchanged sends reuse stable request UUID; distinct payload starts new request (6.524398ms)
✔ unconfirmed response cannot be presented as success and untrusted text is escaped (0.698705ms)
✔ late private response after account switch is discarded (0.940748ms)
✔ unmounted private response is discarded and cannot restart (0.976073ms)
✔ guest cannot issue private enquiry read (0.469487ms)
✔ pending send persists nonce only and fences changed payload until receipt (1.083574ms)
✔ storage failure stops send before any pending payload can be used (0.313276ms)
✔ corrupt non-null pending markers block replacement sends (0.382635ms)
✔ write receipts must match the exact submitted semantic payload (0.940707ms)
✔ bare website and uppercase scheme accepted while private or credential URLs rejected (2.255885ms)
✔ receipt scope and private/unverified status are checked before editor handoff (0.767574ms)
✔ uncertain request persists only nonce and scope, isolated by account and verified after storage (1.485635ms)
✔ explicit missing listing never falls back to a different authorized business (5.905833ms)
✔ the crawler still takes its targets from the database, not from a caller (3.248469ms)
✔ the queue still returns each listing own registered website (0.292126ms)
✔ intake writes the url to the database rather than handing it to a fetcher (0.344864ms)
✔ anonymous callers cannot aim the crawler (0.528517ms)
✔ submissions are rate limited per account (0.259194ms)
✔ historical intake domain guard remains documented (current drafts permit distinct branches) (0.229068ms)
✔ the migration refuses the addresses the crawler would refuse (0.308737ms)
✔ the reserved-host pattern covers the names that resolve inward (0.688316ms)
✔ the current URL model refuses private targets before an RPC (4.927385ms)
✔ an intake row is a draft and is unverified (5.093965ms)
✔ the current result distinguishes private draft, ownership and extraction (0.501977ms)
✔ intake records who submitted what, and when (0.182802ms)
✔ machine-read values stay in their own namespace (0.168926ms)
✔ manual draft details are not represented as machine extracted provenance (0.300351ms)
✔ a failed draft RPC retains its request and offers status recovery (3.457098ms)
✔ a submitter can only read their own draft (0.817287ms)
✔ intake_status returns a fixed projection, never the raw enrich blob (0.325468ms)
✔ returned values are length capped (0.163465ms)
✔ the crawl outcome is reported without the page body (0.400648ms)
✔ the worker no longer claims the queue holds only owner-supplied domains (0.299339ms)
✔ pending receipt survives sign-in without token in route and binds to chosen account (13.090677ms)
✔ Edge stores only token hash and pseudonymous client budget key, keeps public fields separate (40.202378ms)
✔ failed private storage never returns a pretend claim receipt (2.876364ms)
✔ public errors never echo network addresses, target paths or provider internals (0.813179ms)
✔ specific measured failures only, exact business and workspace scope (2.222291ms)
✔ newer passing report supersedes older failed report; old check requires recheck (1.158315ms)
✔ unsafe source, future dates and unknown checks never become suggestions (0.340827ms)
✔ canary pins exact QA workspace identity and all source hashes (1.494552ms)
✔ recipient browser allowlist accepts only exact preview and one intended nonce payload (0.498942ms)
✔ cleanup fences delayed create before empty list can mean clean (0.957939ms)
✔ revoke read failure does not skip member removal; lost removal is recovered (0.510264ms)
✔ malformed lists and roster cannot report cleanup success (0.339214ms)
✔ default plan has no production execution or email (1.485245ms)
✔ permit exact identity hash expiry and bounded grace (0.727659ms)
✔ no customer or unmarked identity can be adopted (0.454069ms)
✔ create session and disable use only non-delivery routes (42.847005ms)
✔ invalid permit makes zero network requests (0.431466ms)
✔ unvalidated foreign verify response is never logged out (4.184598ms)
✔ invitation retains exact private capability and guest quantity without control characters (1.968537ms)
✔ only local host claim routes and structurally valid event UUIDs accepted (0.987394ms)
✔ messages encode content once and support email and device SMS drafts (3.154533ms)
✔ phone extensions and malformed plus signs cannot be silently turned into another recipient (0.638052ms)
✔ public Parea composer subject is explicit and sanitized while private invitation default stays unchanged (0.330317ms)
✔ only confirmed results contribute to points and goal totals (2.123387ms)
✔ complete sporting ties share rank and display order stays deterministic (1.798761ms)
✔ duplicate fixtures and invalid confirmed scores cannot fabricate standings (0.902927ms)
✔ goal difference then goals scored resolve point ties (0.315509ms)
✔ clean page passes (5.004299ms)
✔ missing viewport and title are reported (0.545028ms)
✔ duplicate <head> is reported, but <head> inside a comment is not counted (0.287657ms)
✔ <header> does not count as <head> (0.268932ms)
✔ literal TODO/FIXME leak is reported with a line number (0.63685ms)
✔ exemptStructure skips head/viewport/title but still catches TODO (0.24658ms)
✔ CLI excludes exact raw-source evidence directory while malformed product and other docs fail (170.891425ms)
✔ directory listing registry includes every canonical live listing type (1.015377ms)
✔ listing types expose a summary, live capabilities, and a route (0.317092ms)
✔ minimal own projection requires confirmed receipt and explicit locality opt-in (3.101204ms)
✔ explicit destination and global choice win; category browsing may use saved home (2.234634ms)
✔ account switch aborts prior read and late response cannot expose previous home (8.129918ms)
✔ guest makes no private request and failure leaves no stale preferences (1.141723ms)
✔ private read calls only existing own RPC, no-store and abort signal; never a preference writer (1.031878ms)
✔ map Back/Forward restores browse intent without leaking saved home into history (0.474297ms)
✔ returning from preferences refreshes the same account without flashing global, but direct account changes clear home (7.606931ms)
✔ discovers current exact scopes and projects only those revisions with server anchored clock (2.801324ms)
✔ failed or wrong-scope projection removes old sponsor values (4.136708ms)
✔ suspend and destroy fence late responses and stop refresh timers (0.586285ms)
✔ map loader bounds concurrency at four and stops after the first short page (16.879475ms)
✔ an outage stops after the first page probe and never becomes an empty success (1.167721ms)
✔ failed or malformed pages remain explicit holes in partial results (1.675631ms)
✔ a full configured cap is marked truncated and not complete (0.39627ms)
✔ known empty first page is a real empty dataset; out-of-range failures do not invent holes (0.347118ms)
✔ selection focus respects precision, viewport occlusion and reduced motion (0.418282ms)
✔ invalid coordinates never enter MapLibre while valid zero coordinates remain valid (0.373999ms)
✔ search bounds use only finite street-level coordinates, keep zero and never invent an empty destination (0.601213ms)
✔ selecting a city-positioned place preserves a closer manual zoom instead of jumping back out (0.423782ms)
✔ transient page failures retry at most twice inside the four worker slots (1.073395ms)
✔ exhausted network retries remain explicit partial coverage and invalid responses are not retried (0.85663ms)
✔ unmapped deep links preserve exact identity without inventing any coordinates (0.379039ms)
✔ unmapped identity survives resize moveend and late response cannot replace a new selection (4.385372ms)
✔ coarse and unknown coordinates never become premises or move search bounds (0.388556ms)
✔ false street labels reused across cities or many addresses remain unplotted (1.010618ms)
✔ coordinate guards reject coercion values and dual-zero while retaining real zero-axis locations (0.47598ms)
✔ area search retains scoped unmapped results, paginates truthfully and never supplies coordinates (1.2364ms)
✔ area responses cannot overwrite changed account/location, and failure stays retryable (0.65828ms)
✔ scoped area response rejects wrong country and private rows without promoting returned coordinates (0.447215ms)
✔ service outage retries only the health probe, never starts parallel directory reads (0.590593ms)
✔ unlocated published address search keeps exact place identity and never routes by coordinates (0.680191ms)
✔ address lookup refuses city-only, country-only, absent, non-text and oversized addresses (0.432568ms)
✔ fresh explicit address edit and clear override earlier place without using map scope as locality (0.387013ms)
✔ actual map directions refuse unreviewed numeric points and recover published address search (2.46726ms)
✔ actual map numeric directions require exact identity and coordinate receipt, and fresh clear cannot retain old action (2.341233ms)
✔ global startup reader is explicit opt-in and retains bounded public pagination without coordinates (0.906684ms)
✔ global startup account invalidation drops a pending result and failure remains retryable (1.161741ms)
✔ actual Escape and close handlers return keyboard focus after selected preview is removed (3.216148ms)
✖ actual search input clears the prior selected view before refreshing and keeps the new query (1.446312ms)
✖ every production precision value resolves to a defined label (1.8417ms)
✖ an unrecorded precision is never called "approximate" (0.402112ms)
✔ only rooftop, address and street count as exact (0.447766ms)
✖ spelling variants collapse to one tier (0.349102ms)
✖ precision lookup is case-insensitive (0.268161ms)
✔ rank orders the tiers monotonically (0.429783ms)
✖ directions route by address when one exists, even at unknown precision (1.227554ms)
✖ an unverified coordinate is never a routing destination (0.985811ms)
✖ an exact pin with no address routes by coordinate (1.032339ms)
✔ a record with neither address nor city yields no directions link (0.723302ms)
✖ directions destinations are url-encoded (0.503351ms)
✔ zoom follows the accuracy radius (0.323084ms)
✔ a missing or zero accuracy does not pretend to be precise (0.21384ms)
✔ the coarse-fix threshold is a real-world city radius (1.186236ms)
✔ the map ships a directions affordance (0.190536ms)
✔ the stale precision fallback copy is gone (0.189554ms)
✔ precision is never inferred from coordinate collisions (0.292366ms)
✔ a selected place is addressable in the url (0.184274ms)
✔ partial directory failures are counted, not swallowed (0.253474ms)
✔ latin diacritics fold so unaccented typing finds accented names (0.262901ms)
✔ greek tonos folds so untoned typing finds toned names (0.174927ms)
✔ greek final sigma folds to sigma (0.193201ms)
✔ folding is idempotent and total (0.274593ms)
✔ folding does not collapse distinct words (0.140002ms)
✖ conflicting street metadata never routes to rejected centroid coordinates (0.372986ms)
✖ invalid street coordinates cannot become directions destination (0.364191ms)
✖ independent reviewed destination supersedes incomplete imported address (2.518194ms)
✔ device saves persist exact public slug, remove without duplicate and sanitize corrupt storage (3.367802ms)
✔ storage denial cannot fabricate saved completion and storage cap is bounded (0.990481ms)
✔ spoken summary preserves public facts and precision, never implies turn-by-turn directions (0.844978ms)
✔ read-aloud starts only on explicit action, stops on hide/destroy and ignores superseded callbacks (1.960312ms)
✔ typing and clearing preserve deliberately selected temporary city/country (6.142896ms)
✔ saved home remains private default; an unscoped explicit query is not silently home-filtered (1.041608ms)
✔ deliberate Everywhere remains global when cleared and never restores private home implicitly (4.764238ms)
✔ account switch changes implicit home but cannot replace a temporary area while typing (1.286814ms)
✔ each reviewed release has exact provider identity and embed evidence (3.585427ms)
✔ only reviewed exact works map to archive; edition years remain distinct (0.386491ms)
✔ coverage never turns metadata availability into complete market playback (0.313857ms)
✔ official show is searchable in Greek and requested Latin spelling; trailers remain labelled (9.606518ms)
✔ ninety factual archive entries paginate without claiming all streaming releases (11.272038ms)
✔ Spotify follows bounded real provider offsets and only complete contiguous snapshots count (1.923313ms)
✔ YouTube playlist pagination retains genuine next token and does not claim embed permission (0.509913ms)
✔ media URLs retain real playback identifiers and discard tracking (1.79821ms)
✔ public providers support music links without inventing embed support (3.417865ms)
✔ only actual anchor and iframe URLs become bounded music content (2.215458ms)
✔ music home uses actual extracted links, preserves provenance and respects explicit owner clears (4.970004ms)
✔ provider selections keep exact Spotify identity and reject mismatched or unsafe frames (1.805093ms)
✔ YouTube video and playlist preserve identity with privacy-enhanced embeds and visible minimum dimensions (0.689318ms)
✔ Spotify playlist episode and show players retain exact URL/embed identity (0.348221ms)
✔ identity-scoped member facts preserveprofession notsociety orclinic (7.13529ms)
✔ mismatchedname rootorganization unsupportedhost andchallenge yieldno member (1.052787ms)
✔ missingpracticefields neverfallback to footercontacts or organizationOGimage (0.679169ms)
✔ HTML normalization ignoreshead nav footer scripts and preserveslabels (0.917905ms)
✔ onlyexactderivedcontamination flagged;explicitownerfields untouched (0.907274ms)
✔ genericthirdparty classificationneverallowsglobalpersonOGmetadata (0.500616ms)
✔ futureworker guard suppressesglobalbranding and preservespriorreview onchallenge (1.654912ms)
✔ ambiguous portraits remain empty and a reviewed matching portrait survives a text-only refresh (6.791985ms)
✔ all assigned tasks include no deadline and completed history, exclude colleagues (3.381397ms)
✔ reject unverified scope (0.376955ms)
✔ reject unverified role (0.13368ms)
✔ reject unverified identity (0.119934ms)
✔ reject unverified record (0.308556ms)
✔ reject unverified version (0.127768ms)
✔ internal profile identity is never replaced with auth user identity (0.529659ms)
✔ task route retains exact identity and rejects document-task ambiguity (0.966305ms)
✔ reviewed affiliation network preserves exact institutions and missing profile honestly (1.70767ms)
✔ network only appears on matched public monastery identities (3.394974ms)
✔ only reviewed artist identities receive dated source announcements, never confirmed inventory (2.811713ms)
✔ four artist layouts show reciprocal source links but owner calendar hiding removes them (40.276823ms)
✔ announcement remains through Toronto event day, not UTC midnight (0.549216ms)
✔ Concierge horizon points to organiser date without calling it mutually confirmed (2.436932ms)
✔ only matching future confirmed API records become event actions (27.324987ms)
✔ empty events are honest and module import requires no browser effects (0.529018ms)
✔ canonical artists require exact identities and source guards (4.406759ms)
✔ both artist canonical homes default Concierge and retain all4 published choices (72.16599ms)
✔ Thanos does not inherit Dalaras dates/contact/video/monogram (2.080717ms)
✔ safe hydration and source copies stay identical (6.328552ms)
(node:274606) ExperimentalWarning: stripTypeScriptTypes is an experimental feature and might change at any time
(Use `node --trace-warnings ...` to show where the warning was created)
✔ noncurated artist inherits allfour layouts and real source image/player without invented releases (48.76039ms)
✔ mismatched or quarantined machine source cannot supply artist imagery or social channels (3.00302ms)
✔ owner clears beat source imagery/channels and sparse artists still inherit the family (10.175449ms)
✔ organization identity quarantines duplicated base portrait and social fields while authorized edits win (2.802255ms)
✔ official iframe media survives actual extraction into every generic artist design (150.450055ms)
✔ single video embed accepts exact provider IDs; channel links remain external and playlist retains priority (23.145049ms)
✔ date-only official programmes export transparent reminders without invented timezone or clock time (2.49438ms)
✔ calendar cannot inject additional properties through source text (0.870075ms)
✔ expired dates and unmatched cities disappear; malformed dates fail closed (13.265582ms)
✔ media embed accepts only known Spotify resource form (0.557732ms)
✔ confirmed appearances require exact artist, event and real interval (0.691272ms)
✔ trip retry ledger isolates accounts and never silently changes an uncertain payload (6.537182ms)
✔ four complete layouts keep real actions and accept safe owner section ordering/copy (36.56599ms)
✔ layouts have distinct composition, large identity, genuine gallery and demand/music hooks (15.723294ms)
✔ queue keeps only reviewed recordings, removes duplicate and injected ids (1.825511ms)
✔ matching HTTP source enriches biography and provides outbound website in all music designs without invented imagery (51.374345ms)
✔ owner descriptions, nested edits, profile clears and press override enriched and imported text (29.662445ms)
✔ source identity, credential and quarantine failures retain imported biography (9.295535ms)
✔ official website edits and clears are honored in shared person families while media stays HTTPS only (3.677179ms)
✔ sparse families retain valid navigation without fabricating content (8.431741ms)
✔ actual persisted owner fields project source-neutral rows without invented metadata (62.606298ms)
✔ actual merch field clears imported store; legacy shop_url remains supported (2.177658ms)
✔ explicit empty/null/invalid owner collection suppresses curated source defaults (0.725715ms)
✔ unsafe/blank rows rejected, dates not repaired and past/invalid shows absent (3.84831ms)
✔ concierge horizon agrees with published owner dates and sparse clear (5.56793ms)
✔ owner catalogue never overrides explicitly hidden design section (2.217883ms)
✔ help is optional disclosure, distinguishes provider access from Zoi account (1.757343ms)
✔ video alternative appears only for supplied validated official YouTube URL (2.895319ms)
✔ artist editor and public renderer select music and publish actual profile fields (8.8648ms)
✔ Spotify playlist and locale links embed; untrusted origins and executable URLs do not (1.506484ms)
✔ explicit owner clear suppresses enrichment and nested legacy music values prefill (1.122507ms)
✔ cleared owned profile values are sent as null rather than omitted from merge patches (1.739349ms)
✔ inherited provider homepage cannot replace source-bound artist destination (40.599817ms)
✔ malformed inherited providers fall back only to a matching reviewed source (8.801342ms)
✔ qualified inherited provider destinations retain their own identity and normalized links (1.227744ms)
✔ owner and profile explicit clears do not resurrect imported recordings (6.283107ms)
✔ publisher attribution follows actual source media without reattributing owner selections (16.563153ms)
✔ translation flags are excluded from machine media without excluding real Greek-flag photos (3.937566ms)
✔ reviewed artist gets actual portrait and provider connection instead of translation flag (4.272202ms)
✔ reviewed defaults respect owner removals, changed identity and source quarantine (3.650831ms)
✔ reviewed portrait wins over unreviewed crawler photo while explicit owner still wins (3.234833ms)
✔ bound label artist source is attributed as label and cannot become artist booking office (44.378566ms)
✔ release attribution requires matching source path and never trusts arbitrary crawler label (6.892877ms)
✔ published artist email produces coherent enquiry copy without an unsupported verification promise (8.58632ms)
✔ owner booking email, explicit clears and owner website precedence survive label source protections (10.233284ms)
✔ sparse artist keeps honest no-contact state without source-label invention (5.385501ms)
✔ source-bound generic official store works in all four family layouts (56.94335ms)
✔ explicit store clear/invalid URL wins at every owner/profile layer (6.682885ms)
✔ owner replacement wins and website clear or replacement blocks old source shop (3.845233ms)
✔ unmatched, publisher, quarantined and sparse sources never manufacture shop (5.968279ms)
✔ curated home uses explicit current owner store and honors clears (0.353209ms)
✔ known source holds suppress default Official website in canonical, Quick look and person projections (9.388259ms)
✔ owner edit and explicit null/empty clears never resurrect imported/base websites (2.384995ms)
✔ stale domain takeover receipts never veto published same-domain owner edits (0.266127ms)
✔ challenge/robots/fetch errors and unflagged redirect mismatches do not imply an unsafe official site (3.075476ms)
✔ compact search context retains source policy without a per-card request (0.284001ms)
✔ actual canonical handler applies the shared policy across sparse families and schema, preserving owner navigation (140.880435ms)
✔ authenticated preview keeps the canonical policy after existing authority checks, including owner clear and same-domain edits (7.419841ms)
✔ source files retain authentic published bytes and usable dimensions (7.400626ms)
✔ Montréal announcement preserves conflicting source date without inventing sale details (0.392463ms)
✔ promoter event links same exact normal event route and all assets have provenance (0.469837ms)
✔ publication proposal is reviewable rollback only, inserts no commerce or ownership (0.465359ms)
✔ lost new save blocks replacement, retries immutable payload, persists no private form (4.729455ms)
✔ reload checks nonce without payload; missing does not unlock; matching cancelled proof does (3.214475ms)
✔ wrong scope/action/entity/version receipts retain recovery (2.89565ms)
✔ save success followed by readback failure blocks dispatch and next replacement (0.488262ms)
✔ scope change during readback cannot dispatch or acknowledge (1.510272ms)
✔ corrupt marker cannot be silently replaced and payload drops retain nonce (0.595973ms)
✔ authoritative access denial distinct from transient failure and domain conflict (0.565045ms)
✔ operations success requires the matching workspace, record, kind and next version (1.902334ms)
✔ operations editing preserves persisted fields and identifies version conflicts (0.622693ms)
✔ weekly rehearsal produces three exact local dates; overnight and DST ambiguity rejected (40.012239ms)
✔ preview and persistence receipts bind all occurrences to workspace and published status (11.325237ms)
✔ real auth event immediately clears private DOM and permanently fences old callbacks (3.538862ms)
✔ workspace is checked before writes even before polling (0.569595ms)
✔ late read cannot return old records after account change; role denial clears old UI (2.907421ms)
✔ pending marker persists scope/nonce without sensitive fields and blocks a new nonce after remount (2.052455ms)
✔ wrong workspace and unavailable persistence prevent writes; only matching receipt clears marker (0.722951ms)
✔ only a recognized complete server refusal resolves a marker; network text or unknown HTTP stays uncertain (0.450632ms)
✔ JWT-only identity works; contradictory or malformed token identity fails closed (0.61038ms)
✔ same-actor token refresh preserves private scope; contradictory JWT clears it before writes (1.018302ms)
✔ operations project survives workspace query and canonical roundtrip (3.329641ms)
✔ documents project survives workspace query and canonical roundtrip (0.566759ms)
✔ reject ambiguous project bad (0.307835ms)
✔ reject ambiguous project aaaaaaaa-aaaa-4aaa-8aaa-aaaaaaaaaaaa/extra (2.051482ms)
✔ reject ambiguous project aaaaaaaa-aaaa-4aaa-8aaa-aaaaaaaaaaaa%2Fextra (0.261859ms)
✔ reject ambiguous project %2561aaaaaaa-aaaa-4aaa-8aaa-aaaaaaaaaaaa (0.219029ms)
✔ reject ambiguous project  (0.703104ms)
✔ ordinary documents and audience retain ordinary routes (0.388045ms)
✔ youth_family does not send after workspace changes during refresh (2.943829ms)
✔ youth_program_save does not send after workspace changes during refresh (0.440192ms)
✔ organization_groups_list does not send after workspace changes during refresh (0.311843ms)
✔ detached surface cannot send its queued request (0.396ms)
✔ unchanged scope preserves exact request and does not requeue authentication (1.321489ms)
✔ failed refresh clears private state and sends nothing (0.599429ms)
✔ organization receipts require exact tenant, identifier and next version (1.367975ms)
✔ volunteer displays use organizer timezone and readable errors (20.843298ms)
✔ the browser port loads as a classic script and exposes one global (2.239163ms)
✔ Pascha matches the published Paschalion, 2020-2030 (0.903798ms)
✔ Pascha 2026-2030 specifically — the years this scheduler will be used in (0.3215ms)
✔ every Pascha 1900-2099 falls on a Sunday and agrees with the server module (3.899214ms)
✔ the feast tables are identical to the server module, key for key (1.561076ms)
✔ feastsOn and nameDaysOn agree with the server module every day for three years (50.567399ms)
✔ Holy Week, Clean Monday and Pentecost land on the right 2026 dates (0.33687ms)
✔ the Twelve Great Feasts are flagged so the UI can weight them (2.056503ms)
✔ isFastDay agrees with the server module except at the two documented divergences (10.02725ms)
✔ the Nativity fast season stops on 24 December in the browser copy (0.702252ms)
✔ fasting strictness names the days a food business must not get wrong (1.19345ms)
✔ a bakery promoting cheese pies on Clean Monday gets warned (1.0066ms)
✔ the food detector reads Greek, accents and all (0.9045ms)
✔ the food detector stays quiet when there is nothing to say (1.31654ms)
✔ upcoming feasts and name days come back dated and in order (1.610058ms)
✔ dayInfo answers everything one calendar cell needs (1.806695ms)
✔ opportunities produce an editable draft and never invent a fact (5.13876ms)
✔ bad input never throws (1.182348ms)
✔ the liturgical API accepts a Date and a timestamp, not just an ISO string (1.705206ms)
✔ GOARCH St George transfers through Pascha inclusive, server and browser agree (4.764721ms)
✔ Julian commemoration is offset once and does not inherit a GOARCH transfer (1.500873ms)
✔ Orthodox Pascha matches the published Paschalion, 2020–2030 (4.633265ms)
✔ Pascha always falls on a Sunday (0.446164ms)
✔ Orthodox Pascha is not Western Easter (except when it genuinely coincides) (0.252212ms)
✔ Holy Week and Pascha resolve to the right dates in 2026 (1.160247ms)
✔ fixed feasts and their name days resolve (1.261777ms)
✔ a feast in December belongs to the following year's Triodion cycle (0.494164ms)
✔ seasons gate which services render (0.610019ms)
✔ fasting: Wednesdays and Fridays fast, Bright Week never does (0.323335ms)
✔ upcoming feasts are ordered and dated (3.220927ms)
✔ a patronal feast resolves for any year, fixed or moveable (0.475869ms)
✔ Julian-calendar parishes keep fixed feasts 13 days later (0.189364ms)
✔ the feast tables are internally consistent (0.50867ms)
✔ hidden restaurant can select actual menu schema entirely from private snapshot (3.07823ms)
✔ private professional selects actual discipline/consult fields, not restaurant menu (0.396241ms)
✔ different workspace/listing or malformed receipt cannot provide a private editor context (0.8296ms)
✔ unproven base fields and contaminated enrichment cannot override reviewed identity (2.739057ms)
✔ actual projected owner picture bio and social clear override source defaults in rendered output (29.421794ms)
✔ explicit image phone bio clears stay clear without empty image/tel requests (12.690498ms)
✔ music owner fields use presence semantics and remove stale portrait srcsets (1.134529ms)
✔ unsafe owner URLs are suppressed and exact source identity guard remains required (0.603378ms)
✔ shared media projection preserves explicit owner hero/gallery clearing across families (0.815423ms)
✔ money preserves decimal strings and requires actual currency, never invents a zero (19.639178ms)
✔ restaurant schema writes actual nested sections/items and full promotions (0.581036ms)
✔ public restaurant model displays every authored promo term and actual item price (3.364756ms)
✔ all four real public layouts show owner prices and promo terms; owner clear blocks source fallback (12.266485ms)
✔ Toronto portrait overview fits the unchanged floor with useful vertical coverage (3.841165ms)
✔ paired seated cameras keep illustrative eye height and face stage without moving source tables (1.319225ms)
✔ Montréal portrait overview puts stage on the right like Toronto (0.880806ms)
✔ readiness counts quantities rather than names and excludes revoked tickets (2.526109ms)
✔ all accepted only describes current invitation completion (26.543287ms)
✔ malformed, duplicated and overallocated data never produces ready confirmation (0.62615ms)
✔ empty and expired allocations have precise next actions (0.351617ms)
✔ organizer quota counts only unsaved plan rows and rejects oversubscription (1.846199ms)
✔ only matching confirmed recipient makes a share link (0.421116ms)
✔ refresh removes obsolete links after claim, replacement or removal (1.198128ms)
✔ old-calendar Nativity and Theophany resolve from civil date without shifting the Paschal cycle (6.538264ms)
✔ upcoming references shift fixed feasts only; patronal dates require actual configured dates (1.429941ms)
✔ old-calendar fixed fasting seasons do not move Holy Week or Bright Week (3.441599ms)
✔ patronal string compatibility displays name without inventing a date and escapes it (36.773808ms)
✔ calendar reference does not label Christmas week as Nativity fasting (0.350935ms)
✔ all artist layouts use only current identity and honest missing collections (48.980162ms)
✔ professional generic contact preparation never uses Giota topics or languages (6.106188ms)
✔ sparse and directory profiles do not inherit society imagery; explicit owner clear wins (0.682605ms)
✔ generic creator and professional expose real HTTP official navigation in each design and respect owner clears (41.702026ms)
✔ curated professional preserves exact identity gate and lets explicit owner website edits and clears win (0.801096ms)
✔ shared curated owner website override is navigation-only and does not weaken media validators (0.674019ms)
✔ real curated music and creator source defaults cannot resurrect an explicit website clear (3.435588ms)
✔ actual post-save base plus owner projection changes preserve generic family without old curated assets (6.457284ms)
✔ preferences require explicit booleans, real timezone and supported feast keys (26.447127ms)
✔ personal dates honor optional setting and selected calendar convention (3.448883ms)
✔ receipts bind profile, request, version and exact chosen church identity (0.792841ms)
✔ only individually reviewed monastery aliases collapse; same-named parishes stay distinct (0.653491ms)
✔ greeting is editable plain text with no invented recipients or delivery claim (0.532195ms)
(node:274854) [MODULE_TYPELESS_PACKAGE_JSON] Warning: Module type of file:///workspaces/zoi-city/.recovery/community-release/mobile/src/profile.ts is not specified and it doesn't parse as CommonJS.
Reparsing as ES module because module syntax was detected. This incurs a performance overhead.
To eliminate this warning, add "type": "module" to /workspaces/zoi-city/.recovery/community-release/mobile/package.json.
(Use `node --trace-warnings ...` to show where the warning was created)
✔ dial targets retain regional numbers and explicit extensions without guessing country (2.438054ms)
✔ actual Aphrodite malformed source remains readable but never a Call link across all four designs (22.893068ms)
✔ source display validation counts base number separately from extension (0.546391ms)
✔ venue model and all four layouts preserve invalid source display and valid branch number (7.166408ms)
✔ clear placeholders are suppressed across shared contact, map preview, native and restaurant homes (8.324602ms)
✔ non-authoritative placeholder falls through to valid source but explicit phone clears do not (1.419151ms)
✔ restaurant source fallback respects explicit clears and suppresses placeholder display (1.218977ms)
✔ shared families suppress placeholders, recover valid source and preserve every explicit phone authority (9.283272ms)
✔ valid schema email survives an unrelated placeholder phone (0.394928ms)
✔ parish contact retains a valid base phone when imported phone is a placeholder (1.30096ms)
place_hub_unavailable { kind: 'upstream' }
place_hub_unavailable { kind: 'upstream' }
✔ category starts primary lookup without waiting for optional countries and publishes readable canonical (75.05804ms)
✔ primary failure returns branded retryable uncached503 with no source error exposed (2.963005ms)
✔ country lookup outage is not mislabeled missing country404 (0.982375ms)
✔ genuine empty category is noindex404 and cannot be cached (1.825079ms)
✔ Orthodox landing has a composed shell and useful journeys without catalogue dependency (23.384145ms)
✔ shares publicpath only: private queries/hash excluded from all channels (2.139617ms)
✔ external or private destination is not converted to publicshare (0.600842ms)
✔ download validates raster signature plus MIME; SVG and disguised HTML refused (0.383817ms)
✔ priority ranking is deterministic, explainable and capped with known record evidence (4.482374ms)
✔ cross-workspace, stale and malformed sources do not become reassuring empty success (0.41209ms)
✔ completed and archived tasks, successful posts and future deadlines do not create issues (0.457545ms)
✔ booking actions aggregate by slot and never expose customer contact data or invent payment outcomes (0.553544ms)
✔ duplicate records produce one action and delayed publishing has a 15 minute grace (0.391972ms)
✔ source loader verifies receipts and retains explicit partial permission errors (1.041615ms)
✔ foreign booking slots invalidate coverage and repeated booking receipts do not inflate coordination (0.746735ms)
✔ requires exact reviewed code, one request-only push, main and first attempt (2.721474ms)
✔ expiry refuses new work but gives cleanup only a bounded grace period (0.295682ms)
✔ cannot save before version capture; rejects changed contacts, fixture, request and duplicate write (1.426515ms)
✔ never permits publication, intake, claim, provider calls or legacy writers (0.690129ms)
✔ preview only after exact save, correct design and once (0.605571ms)
✔ existing readonly fence still rejects all content writes (0.223658ms)
✔ diagnostics expose only fixed known error classes, never response bodies, tokens or causes (0.56716ms)
✔ exact 30-minute request passes and 30 minutes plus one millisecond remains rejected (0.441124ms)
✔ browser readback and preview diagnostics are fixed classes, not arbitrary browser detail (0.703815ms)
✔ reactivation requires the new request purpose, nonce and pinned SQL; old create manifest is rejected (0.921752ms)
✔ exact fixture only: one content mutation, version read and private preview, no publication claim (8.952485ms)
✔ wrong workspace stops before mutation (2.536158ms)
✔ wrong receipt never proceeds to preview or retries mutation (0.355013ms)
✔ preview scope mismatch rejects without public fallback (0.370201ms)
✔ transport ambiguity is surfaced without retry (0.795406ms)
✔ jsonb object-key ordering is irrelevant but every field value and array position remains exact (1.904988ms)
✔ browser injected comparator uses identical strict comparison without module dependencies (6.142144ms)
✔ demo-only Business Pro route cannot be entered as production (1.400897ms)
✔ demo-only Event OS route cannot be entered as production (0.230852ms)
✔ demo-only Tickets Studio route cannot be entered as production (0.213519ms)
✔ legacy classic directory route cannot compete with canonical Discover (0.252932ms)
✔ live operator products remain distinct from retired previews (0.304239ms)
✔ canonical exact identity and source guard defaults Concierge (13.897122ms)
✔ all four designs retain real contact, service actions and source-labelled imagery (4.328766ms)
✔ checklist accepts only nonsensitive enums, ignores arbitrary facts, validates required selections (1.677995ms)
✔ owner display changes cannot inject markup and sections can be reordered/hidden (1.205973ms)
✔ all design text and button palettes exceed normal-text 4.5 contrast (1.242131ms)
✔ same-identity practice metadata supplies an official image, never a person portrait (4.709568ms)
✔ sparse practices never promote staff galleries or manufacture missing details (0.917694ms)
✔ unverified, different-site, directory and quarantined identity cannot supply a practice image (0.488743ms)
✔ owner clears override source media and description (4.534511ms)
✔ unfinished HTML is removed; ordinary text survives (0.288709ms)
✔ visually confirmed Alexiou website screenshot is excluded across source and quick look (3.391717ms)
✔ crawled resized derivatives collapse and interface artwork never becomes a gallery (6.999917ms)
✔ explicit owner choices and removals override crawl results (0.706921ms)
✔ untrusted protocols rejected and ordinary photographs retained (0.805354ms)
✔ machine logo directories and advertisements cannot become heroes; owner choices remain authoritative (4.569396ms)
✔ explicit owner image endpoints and signed query-root image providers stay supported (0.782392ms)
✔ exact source gallery-only roles retain photos without promoting them into a hero (0.617574ms)
✔ gallery-only restrictions are exact URL bound and explicit owner hero wins (1.153374ms)
✔ explicit owner gallery choice can override an imported gallery-only role (0.372035ms)
✔ enrichment fills a gap but never overwrites the owner (3.514134ms)
✔ the reserved namespaces never render as profile fields (3.041132ms)
✔ ratings are blocked from BOTH sides, not just from owners (0.327262ms)
✔ provenance metadata cannot leak into serialised output (0.378367ms)
✔ profileOf and safeProfile are the same door (1.387432ms)
✔ the note is honest, specific, and absent when nothing was scraped (0.898559ms)
✔ a listing with no profile at all still yields a usable empty object (0.324005ms)
✔ connected bio links never manufacture handles from display names (1.58471ms)
✔ bio URL validation rejects executable schemes and credential URLs (0.324466ms)
✔ business selection recognizes actual owned and approved claims response (1.966474ms)
✔ business socials retain source suggestions before an authoritative owner edit (1.129961ms)
✔ business editor reopening preserves owner clear and complete replacement without source resurrection (0.548244ms)
✖ business save requires exact versioned receipt and retains immutable retry snapshot (35.889786ms)
✔ public bio filters unsafe URLs and distinguishes availability failures from missing pages (3.613511ms)
✔ promoter family uses source events not venue hire and preserves HTTP official source (35.758201ms)
✔ generic events entertainment category alone never classifies a business as promoter (0.473365ms)
✔ owner event clear and sparse promoter cannot invent performances (1.005569ms)
✔ unsafe event links are omitted; event source notice and original floor plan remain available (2.716375ms)
✔ owner official website clear and replacement win; sparse null arrays never crash (3.499387ms)
✔ promoter calendar dates display clearly without timezone shifts or invented dates (30.620274ms)
✔ actual promoter dispatcher places count only inside exact published show (46.160407ms)
✔ clear expired future disabled and wrong-show updates do not appear as ticket sales (5.666115ms)
✔ imported unowned publicity does not become owner sales statement (1.249254ms)
✔ price labels preserve asking, monthly and nightly basis (25.512401ms)
✔ author price conversion retains cents and never invents missing area (39.4938ms)
✔ information requests do not fabricate dates and stay requests preserve source zone (17.045614ms)
✔ coalesces exact public scope, clones results, expires and evicts rejected or malformed loads (31.964535ms)
place_hub_unavailable { kind: 'upstream' }
✔ actual place and sitemap handlers collapse country bursts while preserving scoped listing requests and rendered links (151.191573ms)
✔ a transient read recovers once without retaining source payloads in logs (2.327938ms)
✔ a persistent upstream failure stops after two reads (0.831895ms)
✔ empty results and nontransient failures are not retried (0.497299ms)
✔ canonical home accepts only its own explicitly published version (2.443505ms)
✔ actual reviewed Signature/Parkview identity matches canonical hero/logo across search and Quick look without per-card RPC (12.582763ms)
✔ actual Yamas and artist source imagery retained, reviewed base summaries retained for sparse families (3.357242ms)
✔ canonical reviewed IDs alone cannot bypass owner website/identity change or source scope quarantine (1.576966ms)
✔ owner nullable photo/logo and gallery clears suppress imported or reviewed defaults consistently (2.777759ms)
✔ artist biography is source-bound, owner description clears authoritative, nonartist summary base-first (0.698956ms)
✔ bounded projected media and complete canonical entity select the same hero/logo/clear state (3.352493ms)
✔ gallery roles/interface artwork and credential/protocol checks apply to batch resolver (1.125834ms)
✔ HTTP official-source biography keeps outbound compatibility while every image remains HTTPS only (0.373678ms)
✔ event poster remains fully identified across imported page and owner edit then clear (4.898617ms)
✔ current base photo replaces a legacy profile poster without retaining its role; clears remain authoritative (8.366611ms)
✔ sparse Quick look retains omitted-photo semantics for every listing family while explicit clears replace a cover (14.176644ms)
✔ partial Quick look identity policies clear a loaded cover even when the photo field is omitted (6.318665ms)
✔ reviewed artist catalog identity remains source-bound and owner edit then clear wins (2.937457ms)
✔ Vancouver legacy machine share action is not a profile; genuine provider IDs survive (5.30995ms)
✔ explicit owner social values and clears win unchanged (3.686938ms)
✔ malformed machine social containers are empty and valid source profiles keep provenance (0.529088ms)
✔ public SSR contains actual owner media only, escaped hydration and provider links; player loads on click (3.226758ms)
✔ explicit clear malformed owner data and hidden sections never restore source video (7.598325ms)
✔ health society affiliation is not mistaken for social channel data (0.461482ms)
✔ reviewed Argiro video requires exact existing identity and source; owner clear overrides (0.611262ms)
✔ same pending key shares work and clones every result, then next read is fresh (2.683062ms)
✔ failure and not-found are never retained (0.467173ms)
✔ 128-key bound bypasses overflow without evicting existing in-flight work (11.857271ms)
✔ public exact identity only and whitelisted fields (7.700836ms)
✔ authoritative owner media clear suppresses reviewed playback (2.926688ms)
✔ hidden media and offerings respected; markup safe (1.449087ms)
✔ public visibility must be affirmative (0.259705ms)
✔ URL onboarding accepts canonical profiles only (2.356372ms)
✔ widget endpoint resolver is public minimal and binds type and identity (3.317358ms)
✔ frame exception applies only to the public widget endpoint (0.876738ms)
✔ sparse public record still has canonical handoff; unavailability has no private payload (0.937863ms)
✔ poster projection preserves the entire artwork and labels public handoff (6.669379ms)
✔ exact stored Litani publisher profiles are scoped out without rejecting the source restaurant evidence (19.322837ms)
✔ same publisher can have its own profile; unrelated source and actual restaurant accounts remain (0.567841ms)
✔ explicit owner social fields and nulls override machine publisher filter (2.753874ms)
✔ pending independent review is never overall completion (1.678687ms)
✔ restaurant rendered presence report cannot auto sign off criteria (0.926891ms)
{"status":"disabled_or_expired","network_requests":0,"queue_mutations":0}
::add-mask::fixture
{"quality_summary":{"observed":0,"confirmed":0,"pending":0,"scope":"fixture"}}
✔ automatic authorization fixes total cap and expires within24hours (2.067452ms)
✔ expired automatic request performs no credential or collector network (1.695718ms)
✔ automatic ignores environment attempts to enlarge cap or execute arbitrary task (1.614937ms)
✔ manual plan and exact receipt resume retain explicit bounded options (1.614195ms)
✔ summary separates confirmed receipts from pending and routes actionable repair (18.421634ms)
✔ audit failure logs expose only fixed RPC status and SQLSTATE, never raw upstream text (1.103121ms)
✔ source fetch rejects private DNS and unsafe URLs including redirects (3.771746ms)
✔ robots exact agent and longest allow rule govern access (0.952158ms)
✔ HTTP200 and organization branding never verify a person (5.894642ms)
✔ classification requires actual scoped identity or exact typed source identity (2.966873ms)
✔ verification requires both rendered viewports and working controls; design remains pending (0.650445ms)
✔ default run performs no network/queue mutation and hard limits are enforced (0.955325ms)
✔ lost finish receipt replays exact immutable evidence without leasing again (33.426606ms)
✔ immutable evidence refuses same filename with changed content (9.934531ms)
✔ individual identity requires Person, never a same-named practice (1.138306ms)
✔ canonical routes include church, vendor, school and sports, and reject invented paths (0.429162ms)
✔ source session reuses exact pages and robots with bounded sequential host requests (1.669319ms)
✔ credential bootstrap prefers existing service key and masks only selected elevated key (1.781258ms)
✔ source audit returns actionable rendering repair instead of opaque identity failure for JS shells (0.253553ms)
✔ every same-origin document redirect is checked against robots before fetching target (0.72255ms)
✔ source budget is checked inside queued execution, not only when browser requests arrive (0.372266ms)
✔ failed streamed oversized resources still consume the aggregate budget (0.533767ms)
✔ RPC failures preserve only HTTP and SQLSTATE without retry or upstream message (4.2622ms)
✔ inventory keeps stored success separate from unvisited source/render/journey evidence (2.778621ms)
✔ incomplete or duplicate inventory cannot be represented as full coverage (31.816768ms)
✔ public detail actions preserve source identity and owner clears (5.631801ms)
✔ untrusted URL actions and mismatched machine contacts never become links (0.657598ms)
✔ same-identity source imagery and menu hydrate while explicit media clears and quarantine suppress fallback (6.263331ms)
✔ public descriptions remove imported markup including unfinished source fragments (2.292663ms)
✔ explicit poster role applies only to its current photo and respects owner replacement or clear (3.189438ms)
✔ photo authority distinguishes omitted fields from explicit owner and projected clears (3.432522ms)
✔ trusted source hero survives nullable base and gallery clear but not explicit hero clears (4.846554ms)
✔ serving scales preserve original data, unknown quantities and authored units (2.308643ms)
✔ shopping list selects exact ingredients without implying shopping or availability (46.192725ms)
✔ invalid identities, quantities, duplicate rows and provider payloads fail closed (0.862461ms)
✔ timer uses elapsed wall time, pauses exactly, resumes without duplicate intervals (2.141962ms)
✔ speech requires explicit browser capabilities; normalized data drops commerce claims (0.561489ms)
(node:275075) ExperimentalWarning: stripTypeScriptTypes is an experimental feature and might change at any time
(Use `node --trace-warnings ...` to show where the warning was created)
✔ renderer refuses mutations and active media while allowing publicly guarded page resources (2.19476ms)
✔ rendered page uses exact worker extractor and never promotes a video to image (14.171665ms)
✔ batch captures each record and resumes immutable source evidence without recrawling (21.308467ms)
✔ a blocked source becomes a specialist repair report, never synthetic content (7.198679ms)
✔ reviewed enrichment cannot bypass source identity or existing lease binding (3.181695ms)
✔ unattended source repair requires exact identity and preserves previous nonempty fields (11.031959ms)
✔ runtime preflight keeps sandbox enabled and omits service secrets from browser environment (1.092821ms)
✔ browser infrastructure failure happens before any credential request or listing lease (0.829861ms)
✔ source failure diagnostics retain fixed actionable categories without raw log data (1.281083ms)
✔ render queue captures original adapter fingerprint before hashing success and refusal evidence (14.881731ms)
✔ missing adapter fingerprint refuses entire batch before capture or apply; direct payload mismatch fails closed (1.880182ms)
✔ verification challenge stops before browser launch and capture report remains fingerprint-bound repair evidence (6.527686ms)
✔ challenge appearing after browser rendering is refused and browser/context are closed (1.852671ms)
✔ substantive hydrated business page with contact CAPTCHA remains available source content (3.883656ms)
✔ partial rendered refresh preserves prior photos and networks while replacing a changed network (1.242892ms)
✔ rendered contact conflict enters preservation review; resolved contact clears only its stale conflict marker (0.940537ms)
✔ exact identity source supplies photos menu hours contact and ordering (5.697664ms)
✔ owner clear and override reviewed defaults (2.39315ms)
✔ palette validates owner values and contrast without arbitrary CSS (0.955165ms)
✔ branded photos do not pretend an island panorama or olive illustration is venue or logo (3.158541ms)
✔ owner menu URL and order URL clear block related source fallback (1.285722ms)
✔ all restaurant identities use a readable default and can inherit source brand without curated ID (2.23725ms)
✔ light brand ink and action colours cannot erase fixed white hero and button text (0.51912ms)
✔ source menu scans are separate from gallery and respect owner menu removal (0.796979ms)
✔ reviewed logo content bounds are bound to the exact source image and constrained (1.004346ms)
✔ generic adapter recognizes restaurants only and never transplants Avli facts (19.518664ms)
✔ missing imagery/menu/contact is represented without fabricated data or broken photo elements (2.039781ms)
✔ owner field clears and owner media take priority over website enrichment (0.854125ms)
✔ script/data URLs are rejected and inline JSON cannot escape its element (2.0501ms)
✔ structured menu prices and notes remain source text without invented currency (0.719835ms)
✔ visit plan is per restaurant with explicit request semantics and valid calendar dates (38.437487ms)
✔ four generic layouts preserve each identity and owner configuration (22.125373ms)
✔ vendor restaurants preserve canonical vendor URLs (1.729952ms)
✔ generic restaurant palettes meet 4.5 normal text and button contrast (0.853254ms)
✔ same-identity structured source street and menu provenance surface while owner clears win (4.908757ms)
✔ projected owner explicit base clears suppress all derived contact biography hours and socials (23.120824ms)
✔ owner saved values and profile explicit clears survive later source enrichment refresh (17.22565ms)
✔ unclaimed source content remains available when no authoritative owner marker exists (0.824851ms)
✔ exact reviewed restaurant identity also respects owner base clears without replacing brand artwork (5.804705ms)
✔ preserves exact reviewed bytes and explicit request identity; prepares no write (4.008248ms)
✔ report whitespace changes require renewed exact hash (0.865347ms)
✔ stale identity, self-review, expired evidence and out-of-locality point refuse (4.713295ms)
✔ requires exact independently reviewed candidate address and supported writer evidence (2.780074ms)
✔ official destination requires explicit purpose and exact reviewed destination URL (0.715346ms)
(node:275132) ExperimentalWarning: stripTypeScriptTypes is an experimental feature and might change at any time
(Use `node --trace-warnings ...` to show where the warning was created)
✔ truthful source HTML provenance preserves prior useful fields and reviewed images (4.733833ms)
✔ unapproved or unavailable new photo cannot remove existing imagery (0.901023ms)
✔ approval binds both source artifact and prior machine snapshot (1.887326ms)
✔ unknown image, fake rendering, challenge, member mismatches and unsupported data fail closed (5.802139ms)
✔ language-only extraction is not useful enrichment and automatic rendered path refuses source-only report (0.964832ms)
✔ reviewed source conflict deliberately clears prior machine email while preserving unrelated data (0.794504ms)
✔ absence or bare null email cannot manufacture a clear; malformed conflict evidence refuses approval (3.100924ms)
✔ machine conflict does not override explicit owner contact or owner clear in public model (5.999779ms)
✔ new valid email resolves explicit conflict marker; missing or invalid email cannot erase prior evidence (1.551468ms)
✔ record label artist capture requires independently confirmed exact identity and excludes corporate contacts (3.921224ms)
✔ perspective fit uses available pixel height without resizing room geometry (5.672877ms)
✔ fitting rejects malformed viewport or source dimensions (0.663699ms)
✔ dense desktop numeric IDs use every anchor without overlapping 3-digit labels (14.874102ms)
✔ small-phone density reports actual coverage and retains selected table priority (1.293296ms)
✔ selected off-camera identity moves to usable free rail rather than disappearing behind finder (0.412651ms)
✔ seated view retains only exact selected identity and preserves alphanumeric IDs (0.406219ms)
✔ zoom increases readable number size while controls remain clear (0.455461ms)
✔ landscape selected identity uses the opposite rail when the finder covers the first (0.3483ms)
✔ source pixels become relative geometry with exact IDs and no prices (1.725875ms)
✔ mobile entry faces stage without changing source positions; selected view uses exact table (0.589662ms)
✔ chairs follow declared source capacity without inventing capacity (0.356155ms)
✔ mobile selection frames both source table and stage direction without moving the table (0.332071ms)
✔ whole-room camera keeps all102 exact source table anchors inside usable viewport on phone and desktop (7.164282ms)
✔ every api/ handler exposes a default export (109.642552ms)
✔ package.json module type matches how api handlers export (1.002243ms)
✔ vercel.json rewrites are well-formed (0.314097ms)
✔ every entity type has a listing route (1.338ms)
✔ the directory links listings by slug, not by path (0.539397ms)
✔ entity pages expose evidence-based profile progress without backend language (1.093904ms)
✔ category hubs resolve curated links without requiring a global category aggregate (1.096919ms)
✔ Business Suite deep links and city filter contracts are wired (1.40793ms)
✔ hub pages can render when the global country aggregate is slow (0.537134ms)
✔ city options preserve country identity for unambiguous filtering (0.800425ms)
✔ public Intelligence offers a truthful free preview and registration handoff (0.547052ms)
✔ Intelligence never renders a hardcoded ecosystem issue claim (0.653741ms)
✔ Intelligence never presents hardcoded schema or llms artifacts as live (0.409285ms)
✔ Intelligence dashboard read is bounded and detail-first (0.241051ms)
✔ quantity per invitee default1; strict names-only schema and private suggestions (3.242658ms)
✔ lost save exact retry with nonce-only storage, no guest names (4.442219ms)
✔ first definitive CAS refusal unlocks; signout fences late private response (1.275552ms)
✔ exact retry displays current archived revision instead of stale immutable receipt (0.81884ms)
✔ reload retains original non-PII member IDs for exact reentry and clears only after current read (1.769726ms)
✔ fresh signed-out client stays signed_out without RPC or misleading error phase (0.693355ms)
✔ the library loads as a classic script and exposes one global (1.906752ms)
✔ characters are counted the way a person counts them, not the way UTF-16 does (0.407952ms)
✔ X counts a link as a t.co, every other network counts it as written (1.064598ms)
✔ twitter and x are the same network (0.271968ms)
✔ over-limit and nearly-over-limit are distinguishable (0.433219ms)
✔ hashtags, mentions and links are extracted, Greek included (2.53156ms)
✔ the next queue slots are the real next occurrences, in order (2.125231ms)
✔ an inactive slot is never suggested, and no slots means no suggestions (2.714421ms)
✔ "add to queue" skips slots that already have a post in them — the bug this file fixed (1.066983ms)
✔ two posts to the same account minutes apart are reported as a conflict (0.647049ms)
✔ a different account at the same minute is not a conflict (0.260467ms)
✔ drafts and failures do not count as conflicts, and neither does the post itself (0.347139ms)
✔ outside the window there is no conflict, and bad input is quiet (0.260858ms)
✔ channels survive whatever shape the backend hands back (0.329315ms)
✔ cadence measures the silence, which is the number that matters (0.610601ms)
✔ cadence counts the trailing silence up to now (0.232614ms)
✔ slot adherence reports how much of the queue is actually being used (0.629957ms)
✔ content anatomy counts what is really in the posts (1.751572ms)
✔ channel ids are resolved to platforms, or every chart is labelled "Ch-7f3" (0.39092ms)
✔ local input values round-trip without drifting a day (0.504582ms)
✔ the timezone is stated, not assumed (25.457893ms)
✔ UTM parameters survive an existing query string and a fragment (0.398535ms)
✔ the CSV parser handles quotes, commas and blank lines (0.325347ms)
✔ a draft survives a reload but is never restored silently (0.472573ms)
✔ an empty draft is not worth offering back (0.178463ms)
✔ storage being unavailable is survivable, not fatal (0.359111ms)
✔ a calendar-to-composer handoff is consumed exactly once (0.194534ms)
✔ private drafts and handoffs require both account and workspace and ignore legacy payloads (0.238455ms)
✔ latest migration removes the ambiguous explore_search overload (1.945545ms)
✔ directory does not render raw backend errors to visitors (0.825632ms)
✔ community feed does not render raw backend errors to visitors (60.588929ms)
✔ mobile header constrains navigation and removes the secondary CTA (0.656687ms)
✔ community feed migration removes the ambiguous scoped overload (0.363709ms)
✔ Vercel preserves browser protections with only the public widget frame exception (1.639022ms)
✔ Event OS SECURITY DEFINER functions pin an empty search_path (1.242892ms)
✔ zoi-core handles auth expiry and token freshness checks (5.067787ms)
✔ missing scores remain unmeasured; genuine zero and numeric strings are retained (5.78635ms)
✔ evidence reports canonical mismatch and invalid schema without invented aggregate score (3.157199ms)
✔ redirects are measured as redirects, noindex is not mistaken for missing metadata (0.982004ms)
✔ API transitive JavaScript imports have no browser cache query or fragment (24.266754ms)
✔ regression catches queried layouts import inside shared artist server renderer (20.665547ms)
✔ strict installed proof accepts distinct internal profile and exact context only (3.964426ms)
✔ guest proof cannot grant operator permission; malformed actor sends nothing (0.898899ms)
✔ retired response cannot mark capability available; removal of capability clears prior proof (0.581967ms)
✔ missing capability blocks read, mutation and recovery while preserving original marker (8.718376ms)
✔ capability authorization denial keeps transport status; no implicit retry or fallback (0.972808ms)
✔ Signature company HQ four designs separate archive/festival and real concert destination (9.176723ms)
✔ owner explicit identity fields/gallery clears remain authoritative and safe (8.69859ms)
✔ owner section visibility/order and copy have no broken anchors or injected markup (2.36638ms)
✔ curated company identity cannot leak to another business; Parkview keeps own renderer (4.117342ms)
✔ announced artists link exact existing profiles with explicit provider playback only (0.91018ms)
✔ artist card uses immutable IDs rather than filtered position (1.056173ms)
✔ concert scene uses every exact source position without mutating source geometry (4.71029ms)
✔ invalid IDs, dimensions, duplicate positions and unreviewed price bands rejected (0.808911ms)
✔ explicit separate event-screen consent required; new uploads remain pending until current moderator approves (6.074278ms)
✔ cross-event, other author, social URLs, unready uploads, SVG, credentials and arbitrary providers are rejected (2.278586ms)
✔ approval needs role, current membership, same event and exact revision; consent version changes hide old approval (0.913657ms)
✔ owner revocation is immediate and idempotent; operator removal cannot be republished (0.606613ms)
✔ no photos before event, after screen expiry, malformed time, future consent or expired consent; tags are display only (0.490536ms)
✔ sponsor must match event and placement, active dates and approval; no campaign fabricated when missing (0.402923ms)
✔ approval and screen require positive revisions and chronological submission/consent/moderation (0.859976ms)
✔ actual bridge reads nested saved notes safely without treating review as form restoration (4.515586ms)
✔ actual bridge clears private view on storage account switch and remounts from fresh Core state (1.752544ms)
✔ BFCache hide destroys private view; persisted show restores controls without stale form (1.570604ms)
✔ save-only contact form uses entered contact and preserves group snapshot until valid submission (2.019914ms)
✔ old contact form cannot submit into a different account even before auth event arrives (1.753866ms)
✔ Parea hero links reach the group planner; explicit Explore still opens the room (1.57925ms)
✔ canonical entry binds anonymous public event identity separately from private saves (2.327057ms)
✔ placements require exact event, configuration, revision and active approval (2.353317ms)
✔ unsafe URLs, duplicate placements, oversize copy rejected; no fabricated pricing/order fields (0.533517ms)
✔ facing configuration has two five-cushion couches opposite each other, no table ID mapping (2.221841ms)
✔ open rectangular concept has three couch sides and remains descriptive not sellable capacity (0.718593ms)
✔ per-guest quote and uneven group shares conserve cents without claiming payment (4.129705ms)
✔ currency input refuses rounding, exponents, negative values and unsupported group size (1.232713ms)
✔ prepayment gate stays closed until every operational prerequisite is configured (0.48185ms)
✔ sponsors require approval, exact placement and active campaign; links cannot execute code (0.600261ms)
✔ one reusable Parea context does not transplant Toronto source pricing into other events (1.237702ms)
✔ planning invitations carry only the intended whole-ticket share and public event, never guest tokens or contacts (0.746946ms)
✔ real contract-shaped save validates receipt and stores no guest names in durable marker (5.453608ms)
✔ uncertain save retries identical nonce and payload; fresh save blocked (2.238302ms)
✔ reload of unknown new plan retains marker and blocks duplicate replacement (1.547992ms)
✔ account switch discards stale returned private plan without clearing prior account marker (10.891357ms)
✔ denied storage prevents write, known version conflict permits reload and malformed selections denied (3.799037ms)
✔ reviewing a saved plan does not silently bind an unrestored customer form as its edit target (1.146402ms)
✔ actual backend required contact fields are validated before RPC and never persisted in nonce marker (1.20478ms)
✔ explicit price, unknown stock/allergens and draft status preserved without inference (4.246242ms)
✔ CSV quotes, BOM, errors and explicit booleans prevent silent zero/free defaults (1.597532ms)
✔ duplicate CSV IDs and unsupported currency produce review errors (0.359301ms)
✔ eligibility binds exact version, zone, availability, stock, alcohol and real mapping (0.948713ms)
✔ reorder proposal contains only exact IDs and version, never stale price or stock writes (1.681952ms)
✔ string or numeric alcohol authorization cannot bypass the strict authorization flag (0.484204ms)
✔ different draft identifiers cannot alias one server item and evade stock checks (2.696099ms)
✔ CSV rejects formula cells, malformed quote tails and explicit invalid booleans without coercion (2.580952ms)
✔ undefined stock and imprecise cents fail rather than assuming unlimited or free (1.930306ms)
✔ first HTML includes the same real concert shell used by client hydration (1.843825ms)
✔ scene styles are available before the room is rendered (0.32129ms)
✔ actual numbered choices derive their published perguest tier without a second space selector (4.479943ms)
✔ mixed alternatives never invent a single price and empty choices do not imply selection (0.756563ms)
✔ published image trace has each numbered position1to118 once, bounded and nonoverlapping (12.652056ms)
✔ source anchor positions and categories agree with visually reviewed floorplan (0.666726ms)
✔ keyboard spatial moves follow the published rows instead of numerical seat order (1.46165ms)
✔ preferences carry only source plan identity and max3 verified table labels (0.887227ms)
✔ sponsors require approval and exact table plus safe destination; no sponsor invented by default (0.6531ms)
✔ sponsor schedule is explicit, current, exclusive at end and scoped to this event (0.365623ms)
✔ guest preference ordering is immutable, exact-ID bounded and never changes floor geometry (1.645904ms)
✔ mixed or mismatched source table price bands cannot produce a selected-budget subtotal (22.649933ms)
✔ only explicit source-bound approval enables identity assets; unsafe paths rejected (2.176676ms)
✔ root-bound Zoi links qualify; client logos, workspace links and external same-name links remain untouched (0.997273ms)
✔ unapproved or failed image never removes working fallback or installs a broken favicon (1.53671ms)
✔ approved source updates only Zoi navigation, preserves client artwork and applies once (2.632187ms)
✔ server identity renders first paint while preserving script bytes and customer logos (2.097128ms)
✔ JSONLD logo stays logo and real imagery becomes hero (10.462937ms)
✔ deduplicates responsive variants, recognizes CSS backgrounds, excludes badges and stock (3.167226ms)
✔ relative image objects and alternate meta attribute order supported (1.216342ms)
✔ rejects private addresses/credentials/data and ignores scripts (0.422608ms)
✔ supplements only two explicit same-origin contact/gallery pages, not forms or external links (1.309997ms)
✔ small explicit header logos remain available without entering photo gallery (0.419815ms)
✔ empty or page logo values do not resolve into image URLs and logo directories are not photos (0.84571ms)
✔ explicit same-origin menu takes priority within the unchanged two-page budget (0.459809ms)
✔ video sources cannot become heroes in any family and CSS entity quotes are decoded (2.658937ms)
✔ menu scans and decorative quotes are separated from real venue photography (0.828608ms)
✔ a photographed dish inside a menu items folder remains food photography, not a menu scan (0.387904ms)
✔ Wix transform commas remain intact and highest explicit density wins (0.527986ms)
✔ publisher srcset accidentally placed in src is parsed rather than stored as a malformed URL (0.33181ms)
✔ invalid responsive descriptors cannot manufacture URLs from transformation tokens (0.319737ms)
(node:275294) ExperimentalWarning: stripTypeScriptTypes is an experimental feature and might change at any time
(Use `node --trace-warnings ...` to show where the warning was created)
✔ captured Melanthi slider originals replace dummy images without manufacturing URLs (28.281163ms)
✔ plugin lazy declarations preserve responsive and existing lazy priorities (0.669431ms)
✔ plugin image declarations enforce URL and auxiliary guards and ignore fake attributes (4.258274ms)
✔ plugin flags stay auxiliary and encoded logo filenames stay logos through actual rendered extractor (105.192597ms)
✔ sitemap index directly lists every bounded page without fabricated modification dates (39.043551ms)
✔ one listing sitemap executes one bounded page query and escapes XML (2.306709ms)
✔ invalid pages cannot trigger large offset scans (0.673498ms)
✔ upstream failure is retryable503 rather than empty success (1.68664ms)
✔ partial place queries never cache a partial sitemap (3.037194ms)
✔ malformed database response is not indexable content (3.115508ms)
✔ core sitemap includes checked public landing pages and excludes private workspace/trip tools (3.710712ms)
✔ readiness rejects generic login HTML (275.421198ms)
✔ readiness rejects cross-origin redirects even if shell matches (236.65089ms)
✔ readiness accepts same-origin Zoi shell (173.607155ms)
✔ structured business profiles take precedence; anchors fill other networks (4.131778ms)
✔ protocol-relative, spaced, unquoted and entity-encoded anchors are read (1.473774ms)
✔ share buttons, posts, assets and script strings cannot become profiles (0.56689ms)
✔ unsafe and lookalike URLs are rejected without fetching (0.343251ms)
✔ localized hosts and channel profile links retain identity (0.69012ms)
✔ public page exposes enriched socials in buttons and structured data with owner precedence (18.571835ms)
✔ absent, populated, sparse and explicit owner sets have distinct semantics (2.460216ms)
✔ generic events expose filtered extracted channels and preserve explicit removals (5.065623ms)
✔ professionals expose identity-bound source channels, never publisher or mismatched identity channels (4.476614ms)
✔ curated music social removal clears fallback players but keeps separately authored player (3.37208ms)
✔ curated artist explicit playlist clear or replacement overrides reviewed playlist (55.86248ms)
(node:275341) ExperimentalWarning: stripTypeScriptTypes is an experimental feature and might change at any time
(Use `node --trace-warnings ...` to show where the warning was created)
✔ social worker does not fail community-only posts for lack of external channels (67.775981ms)
✔ a mixed post is published only after every requested destination succeeds (4.706342ms)
✔ provider failure preserves community success as a partial outcome (4.763823ms)
✔ missing provider connection never counts as a published external post (2.518435ms)
✔ community errors are not hidden by successful external delivery (3.609553ms)
✔ composer channel UUIDs resolve to only the selected workspace account (3.661771ms)
✔ unrecognised channel ids never publish to another account (2.640964ms)
✔ attached images cannot be silently discarded by a text-only publisher (3.69351ms)
✔ thread metadata is rejected instead of claiming to publish a full thread (2.854248ms)
✔ national organization identity is exact, separate from individual members (2.889789ms)
✔ reviewed individual source retains own role; unreviewed source does not inherit society identity (2.13021ms)
✔ directory request concurrency bounded4; failures retain same cursor for retry (17.124561ms)
✔ valid directory pages advance only checked candidates and never confuse source records with members (1.105385ms)
✔ compact cards lead with identity and never inherit society photos (1.514429ms)
✔ matching official-source contacts supplement sparse records without replacing published fields (4.50171ms)
✔ foreign personal paths, insecure sources and association-scoped contact never attach to person (1.295049ms)
✔ only obvious placeholder contact values are removed, real international values survive (0.66403ms)
✔ exact official structured address coordinates remain a review candidate, never a write (6.312402ms)
✔ other city, country, branch street or organization cannot supply this place coordinates (1.60049ms)
✔ random HTML GPS, invalid range and swapped coordinates are never silently repaired (1.914788ms)
✔ owner edits, changed source/address and centroid approval fail closed (1.175225ms)
✔ two conflicting structured locations require review and external redirects are refused (0.679299ms)
✔ dry-run batch caps records, never fetches owner-managed sources and writes reports only (34.734853ms)
✔ composite postal addresses and pinned ISO country codes match without fuzzy street aliases (1.658478ms)
✔ explicit address reconciliation is tied to exact name/source snapshot and source bytes (1.570674ms)
✔ official destination uses reviewed named address and destination pair, not camera coordinates (1.775597ms)
✔ parking, shortlink, other destination, camera-only and multi-stop links never become place pins (1.777741ms)
✔ retained real source fragments yield Melbourne schema and reviewed AMARA destination (2.032807ms)
✔ same-domain sibling branch redirects and schema identities fail closed (0.370142ms)
✔ batch audit carries the frozen identity review into the immutable source report (8.633869ms)
✔ non-document anchor strings and malformed report approvals fail closed (3.812502ms)
✔ typed Squarespace site location requires exact reviewed postal identity and separate schema corroboration (0.899521ms)
✔ Squarespace extraction rejects arbitrary JS, sparse config, branches and identity mismatch (4.674383ms)
✔ Squarespace coordinates conflict with a separately matching structured point rather than replacing it (0.609088ms)
✔ inert structured JSON-LD cannot supply coordinates or introduce conflicts (1.192267ms)
✔ explicit source name alias is exact and bound to current property snapshot, source bytes and address (2.785494ms)
✔ detects capture credentials and reports metadata without values (3.2389ms)
✔ detects common provider secrets without rejecting a public anon JWT (0.458317ms)
✔ includes audit captures and checks staged bytes independently of working tree (86.758578ms)
✔ business imported hold is distinct from saved owner choice and clear (2.577045ms)
✔ artist imported hold is distinct from saved owner choice and clear (0.813048ms)
✔ event imported hold is distinct from saved owner choice and clear (0.4122ms)
✔ church imported hold is distinct from saved owner choice and clear (0.310199ms)
✔ all existing receipt gates use neutral review state, not invented malicious labels (0.507779ms)
✔ owner presence precedence includes nested profile, and null never resurrects imported base (0.345235ms)
✔ draft validation rejects credentials, unsafe schemes and incomplete addresses without altering saved selection (0.505214ms)
✔ sparse imported source and owner selection retain separate states (1.517835ms)
✔ event adapters require exact ID,type,officialsource andvisibility (8.949128ms)
✔ canonical defaultConcierge has correct URL no reviewroute and safeJSON (4.352031ms)
✔ creator source guard never transplants fixture and removes past shows (37.506097ms)
(node:275410) ExperimentalWarning: stripTypeScriptTypes is an experimental feature and might change at any time
(Use `node --trace-warnings ...` to show where the warning was created)
✔ substantive SSR reuses extractor without browser or rendered evidence (25.992418ms)
✔ image bytes must pass signature, decoder and immutable receipt verification (14.854711ms)
✔ raster header validates MIME signatures and bounded dimensions before decoder allocation (1.325547ms)
✔ challenge, JS shell, sparse and missing fingerprint fail before image or browser access (3.064815ms)
✔ substantive contact CAPTCHA is not a whole-page challenge (2.662113ms)
✔ identity conflicts, member scope and aggregators refuse source-only content (4.090682ms)
✔ invalid or unreviewable images cannot enter photo fields (11.118972ms)
✔ decoder corruption or dimension mismatch rejects image and closes decoder (4.09482ms)
✔ four-image cap and cumulative deadline prevent an unbounded photo crawl (24.279628ms)
✔ source HTML capture resume namespace cannot reuse legacy rendered failure (7.074266ms)
✔ protected decoder is offline and receives image bytes only, never source HTML (5.121628ms)
✔ robots/DNS refusals propagate and no alternate insecure source is attempted (1.979357ms)
✔ source HTML failure receipt remains mode and fingerprint bound (3.386677ms)
✔ immutable review artifact includes sanitized source facts but excludes inline executable configuration (3.681577ms)
✔ source capture retains explicit email conflict and null machine value for reviewed quarantine (3.683892ms)
✔ source capture retains resolved conflict null only alongside valid extracted contact (3.084211ms)
✔ explicit record label artist capture removes corporate contacts and keeps safe linked Spotify artist (3.876893ms)
✔ publisher reviewed photo choice must occur in actual extracted page and cannot exceed cap (4.729946ms)
✔ explicit hold excludes all imported content but retains full supported review receipt and provenance without writes (6.21441ms)
✔ base photo is not silently deleted based on source hostname or equality (0.39073ms)
✔ unknown hold/fetch/challenge and false scope flags do not suppress imported content (0.676674ms)
✔ compact public context uses the same cleaned profile and remains immutable (0.576557ms)
✔ owner edits and explicit clears are retained while imported content remains held (1.039141ms)
✔ direct same-source contact consumer refuses held imported contacts but keeps normal successful imports (3.165975ms)
✔ Quick look current base facts survive, imported menu/contacts/media cannot reappear through explicit website edit (2.252849ms)
✔ actual held Cafe Boulis fallback is removed at direct shared vertical boundary (0.505775ms)
✔ actual canonical shared projection business: populated/sparse held/owner (60.585044ms)
✔ actual canonical shared projection vendor: populated/sparse held/owner (5.746485ms)
✔ actual canonical shared projection church: populated/sparse held/owner (44.717965ms)
✔ actual canonical shared projection professional: populated/sparse held/owner (8.376479ms)
✔ actual canonical shared projection school: populated/sparse held/owner (6.879912ms)
✔ actual canonical shared projection association: populated/sparse held/owner (7.223354ms)
✔ actual canonical shared projection creator: populated/sparse held/owner (8.661611ms)
✔ actual canonical shared projection artist: populated/sparse held/owner (17.843193ms)
✔ actual canonical shared projection venue: populated/sparse held/owner (13.022287ms)
✔ actual canonical shared projection event: populated/sparse held/owner (7.489922ms)
✔ actual canonical shared projection travel_place: populated/sparse held/owner (6.99614ms)
✔ actual canonical shared projection sports_club: populated/sparse held/owner (16.330718ms)
✔ persisted VIP source metadata warrants review even without a proven redirect (3.143482ms)
✔ unexpected document host change held, www and HTTPS upgrade allowed (0.618666ms)
✔ ordinary promotions, genuine gaming businesses and explicit matching identity not rejected (0.579112ms)
✔ images on unrelated CDNs do not by themselves trigger identity review; inputs untouched (2.930915ms)
(node:275438) ExperimentalWarning: stripTypeScriptTypes is an experimental feature and might change at any time
(Use `node --trace-warnings ...` to show where the warning was created)
✔ runtime probe records sandbox outcome separately from source or listing work (1.304277ms)
✔ probe preserves a fixed sandbox failure reason and never serializes raw launch logs (0.976444ms)
✔ CI uses the proven sandbox runner and preflights before credentialed bounded queue (19.893003ms)
✔ exact reviewed source card and captured named destination yield candidate, not camera coordinates or apply approval (7.681991ms)
✔ snapshot changes, ownership, sparse identity and missing explicit parent-page scope refuse (6.751773ms)
✔ card must be exact unique source bytes with correct heading/address; parking is never the hotel (2.240326ms)
✔ redirect capture binds first URL, exact final URL/status/bytes and place identity (6.328152ms)
✔ camera-only, wrong place, credentials, foreign host, query injection and multiple destination forms fail (2.866575ms)
✔ locality must be independently sourced, bounded and contain the destination (1.53596ms)
✔ retained official Paddington polygon independently contains candidate, without changing a listing snapshot (1.53126ms)
✔ independent named-place review binds source, identity, card, capture, destination and locality before review stage (5.456273ms)
✔ bounded collector fetches only snapshot-approved publisher page and retains exact source/report evidence (47.35778ms)
✔ approved immutable snapshot preserves original benefits independently of caller later edits (2.627348ms)
✔ unapproved, wrong scope, malformed and non-sponsor records cannot become benefit context (0.875747ms)
✔ exact opaque application context and ordinary suite route (4.653553ms)
✔ duplicate workspace denied (0.650646ms)
✔ duplicate sponsor_event denied (0.301774ms)
✔ duplicate sponsor_application denied (1.603224ms)
✔ duplicate sponsor_offset denied (0.296013ms)
✔ noncanonical offset  denied (0.452275ms)
✔ noncanonical offset 1e2 denied (0.253012ms)
✔ noncanonical offset -1 denied (0.176279ms)
✔ noncanonical offset 1.5 denied (0.348531ms)
✔ noncanonical offset 01 denied (0.435493ms)
✔ noncanonical offset 100001 denied (0.341718ms)
✔ explicit preview flag and actualsource table allowlist required (1.692813ms)
✔ preview can never qualify as a real approved placement (1.371321ms)
✔ every dangerous IPv4 range is still in the block list (2.398812ms)
✔ IPv6 loopback, ULA, link-local, multicast and NAT64 are still handled (0.368278ms)
✔ reserved and internal hostnames are still refused (0.265916ms)
✔ URL vetting still rejects the whole class of bad inputs (0.323234ms)
✔ redirects are followed by hand and every hop is re-vetted (0.632873ms)
✔ the worker can never be handed a URL by a caller (0.584222ms)
✔ the fetch is bounded in time and size, and HTML only (0.31592ms)
✔ it fails closed and stays polite (0.333943ms)
✔ machine data is written only into its own namespace (0.416969ms)
✔ the behavioural test file still covers the attacks that matter (0.3854ms)
✔ the worker authenticates its caller rather than trusting a deploy flag (1.727487ms)
✔ transient crawl failures are recorded and eligible for retry (0.362688ms)
✔ every local stylesheet and script referenced by a web page exists in the deployed source (115.381669ms)
✔ source geometry cannot turn into availability; public projection never contains guests (1.94857ms)
✔ unknown prices, currencies and fee policies stay unknown (27.88308ms)
✔ sold sponsors remain visible only with exact active approved placement (0.594421ms)
✔ server time drives hold countdown and no expiry fabricates availability (0.574924ms)
✔ request locator persists before mutation without contact data and stays account/event scoped (2.207665ms)
✔ exact RPC adapter checks event, request and table on recovery, false remains unresolved (1.978336ms)
✔ controller never holds on sign-in, blocks duplicate after ambiguous outcome, clears private state on actor change (44.026498ms)
✔ late hold completion cannot recover or expose status in another account (14.115861ms)
✔ unknown-result retry reuses exact persisted request and later refusal cannot discard it (15.749452ms)
✔ first authoritative refusal clears only its unsent-result locator and requires refreshed availability (6.477953ms)
✔ only explicit capacities, stable UUIDs and unique labels enter setup (3.231677ms)
✔ unknown save retains exact request/rows; marker contains no business labels (2.848942ms)
✔ reload recovery is nonce-scoped and missing receipt never discards marker (1.222394ms)
✔ actor switch suppresses late receipt and preserves original account marker (0.701942ms)
✔ later refusal after unknown outcome does not erase nonce (0.87784ms)
✔ foreign receipt and unsafe storage prevent optimistic confirmation (0.821124ms)
✔ explicit money, actual table identity and capacities are mandatory (5.744442ms)
✔ lost response preserves nonce only and exact reviewed payload on retry (4.968142ms)
✔ reload recovers receipt without private draft and never retries a new payload (3.347254ms)
✔ missing or malformed recovery stays blocked; an unknown response is not success (0.664071ms)
✔ account change fences late save receipt and keeps original account marker (0.664031ms)
✔ storage failure prevents sending configure request (3.794569ms)
✔ actual dashboard integrates scoped module, closes on workspace change, not legacy redirect (9.305026ms)
✔ definite version conflict releases nonce and requires current settings reload (1.02215ms)
✔ owner editor listens to the actual shared Core auth event (0.491228ms)
✔ a refusal after an uncertain attempt never discards its nonce (6.354823ms)
✔ corrupt saved references fail closed rather than enabling a duplicate save (0.435814ms)
✔ repeated add finds distinct clear positions and preserves prior furniture (12.346613ms)
✔ 100 tables are generated atomically with spacing and numbering after existing stage (6.832265ms)
✔ room expansion is explicit and invalid oversized batches leave input unchanged (0.573411ms)
✔ duplicate table retains dimensions with new identity and unique number (0.426988ms)
✔ standalone timeout fails verification instead of silently passing (1155.900279ms)
✔ local verification excludes network contracts but runs page source checks (213.131391ms)
✔ runner rejects conflicting verification modes (39.125998ms)
✔ shared text and primary-button tokens meet normal-text contrast on supported theme surfaces (5.863834ms)
✔ primary hover and editorial surfaces preserve readable labels (2.59066ms)
✔ count animation preserves numeric boundaries: 28,929 (3.775663ms)
✔ count animation preserves numeric boundaries: 7,068 (3.12044ms)
✔ count animation preserves numeric boundaries: $1,234.50 (1.717319ms)
✔ count animation preserves numeric boundaries: 84 countries (1.122157ms)
✔ count animation preserves numeric boundaries: − 50% (1.990729ms)
✔ new API statistic supersedes an in-flight animation (1.180215ms)
✔ a guest owes their whole ticket quantity, never an equal fraction of other tickets (2.973123ms)
✔ excess recipients cannot conceal an over-allocation (0.266929ms)
✔ missing price leaves amounts unknown, not zero (0.249576ms)
✔ fractional, negative, string and unsafe quantities fail instead of rounding (0.563762ms)
✔ duplicate row IDs fail but friends sharing a name are valid (1.518117ms)
✔ ordinary opener returns focus after Done; already-hidden close does not steal it (5.503651ms)
✔ history receipt restores replacement button by stable request identity after list rerender (4.0093ms)
✔ missing, disconnected, disabled or hidden return target uses fallback without throwing (4.637083ms)
✔ refreshing an already-open confirmation preserves original return target (4.623889ms)
✔ actual history controller supplies stable descriptor before its finally rerenders buttons (0.541421ms)
✔ malformed event ID is rejected before any network call (3.414408ms)
✔ unknown event does not fetch tiers or render reservation controls (2.07171ms)
✔ door.js loads as a classic script and exposes its API without a DOM (1.398212ms)
✔ a failed fetch is a transport failure, so the scan may be queued (0.793692ms)
✔ an answer from the server is never mistaken for a dead connection (0.31067ms)
✔ close() on a door that was never opened is a no-op, not a crash (0.28896ms)
✔ door.js ships no inline event handlers or eval (2.85816ms)
✔ the amber "queued" wording never claims a check-in happened (1.264683ms)
✔ a scanned ticket URL yields the code, not the URL (5.550249ms)
✔ a code typed by a volunteer under pressure is still recognised (0.345305ms)
✔ nothing usable normalises to the empty string, never to a lookup (0.258644ms)
✔ an uncapped tier is unlimited, not zero (0.38552ms)
✔ a full tier is sold out and never reports negative availability (0.310731ms)
✔ the server's sold_out flag wins over our own arithmetic (0.202989ms)
✔ capacity percentages and urgency levels line up (0.600702ms)
✔ nonsense capacity values are treated as no cap rather than believed (0.232976ms)
✔ a rollup refuses to invent an event capacity when any tier is uncapped (0.486159ms)
✔ a rollup adds up capped tiers and only says sold out when all of them are (0.588469ms)
✔ capacity warnings only fire on real thresholds and quote real numbers (0.511446ms)
✔ door counts sum seats, not rows, and split by tier (1.374167ms)
✔ door counts survive missing and malformed rows without inventing numbers (0.271387ms)
✔ attendee search covers name, email, tier and code (10.944977ms)
✔ attendee filters and sorts do what their labels say (0.823128ms)
✔ filtering never mutates the list it was given (0.188753ms)
✔ tier options come from the data, deduplicated and sorted (0.234047ms)
✔ CSV export quotes, escapes and neutralises formula injection (0.602946ms)
✔ an empty CSV still has its header row (0.20341ms)
✔ an ICS file has the required structure and CRLF line endings (1.016118ms)
✔ ICS text escaping follows RFC 5545, so commas do not split fields (0.470479ms)
✔ long lines are folded at 75 octets, counting UTF-8 bytes not characters (0.366155ms)
✔ a real event survives folding and is still parseable line by line (1.282566ms)
✔ an event with no usable start throws rather than downloading a broken file (0.676223ms)
✔ a nonsense duration falls back to three hours instead of an inverted event (0.274483ms)
✔ optional ICS properties are omitted, not emitted empty (0.205685ms)
✔ a queued scan is recorded once, however many times it is scanned (0.557642ms)
✔ an unusable scan is never queued (0.156793ms)
✔ retries back off, and a hopeless item becomes visibly stuck rather than vanishing (0.601063ms)
✔ a scan is only removed by success or by an explicit human decision (0.491829ms)
✔ the queue survives a reload, and corrupt storage does not lose the good rows (0.913346ms)
✔ due() picks pending work in scan order and ignores what is not ready (0.478624ms)
✔ a first check-in is an accept, with the details the door needs (0.339534ms)
✔ a second scan of the same code is a duplicate, and the time is never invented (12.628121ms)
✔ an unknown code is reported as unknown, and a dead connection as queued (0.301854ms)
✔ the manifest is a self-contained page with real counts and escaped content (1.756953ms)
✔ a manifest for an event with nobody on it says so (0.200605ms)
✔ event JSON-LD only claims what the event data actually says (0.597796ms)
✔ event JSON-LD omits what it does not know instead of guessing (0.189234ms)
✔ money, dates and plurals do not produce nonsense (6.859896ms)
✔ escaping covers every character that could break out of an attribute (0.184966ms)
✔ re-scanning a code that the queue gave up on retries it instead of queueing it twice (0.293178ms)
✔ a malformed percent escape in a scanned URL does not throw (0.43355ms)
✔ a tier with no price at all is left out of the JSON-LD rather than priced at zero (0.253183ms)
✔ compactCode is punctuation- and case-blind, and never throws (0.140623ms)
✔ segno reference symbols decode through our reader (so the reader is trustworthy) (17.86809ms)
✔ we pick the same symbol version as segno for the same payload and ECC level (35.898484ms)
✔ our mask penalty reproduces segno evaluate_mask exactly (ISO 18004 Table 11) (11.487569ms)
✔ our own symbols decode back to the payload, with intact error correction (13.016146ms)
✔ every payload length in versions 1-10 round-trips at all four ECC levels (646.094482ms)
✔ a forced mask is honoured and still decodes (0.894602ms)
✔ non-ASCII payloads are encoded as UTF-8, not mangled (0.966576ms)
✔ an over-long payload throws instead of silently truncating (1.853873ms)
✔ the fixed patterns are where the spec says, so a scanner can find the symbol (0.691021ms)
✔ alignment pattern positions match the spec table for versions 1-10 (0.960905ms)
✔ total codeword counts match the spec table for versions 1-10 (0.181288ms)
✔ svg output is well-formed, sized right, and paints the same modules (1.155288ms)
✔ CSV quotes untrusted text and neutralizes formula prefixes (1.983245ms)
✔ manual form uses explicit zone and exact rate snapshot (68.524034ms)
✔ manual form rejects ambiguous DST time and receipt mismatch (2.150949ms)
✔ planned local times convert with explicit zone and reject invalid interval (73.413026ms)
✔ listing links encode slug and source links reject script or credentials (0.427027ms)
✔ mutation receipts must confirm expected identity (0.330968ms)
✔ workspace mutations require a token before network use (6.211504ms)
✔ anonymous seating read sends publishable credentials only (4.556793ms)
✔ version conflict gives recovery guidance and does not silently retry (0.69566ms)
✔ transport failures do not claim failed writes or auto-retry mutation (2.385627ms)
✔ seat rows create unique labels with a real central aisle (9.184998ms)
✔ editing validates boundaries and prevents physical overlap (1.728048ms)
✔ excluded seats cannot appear in planning selection or capacity (0.99542ms)
✔ JSON round trip retains stable IDs and complete physical layout (3.631665ms)
✔ import rejects duplicate IDs, duplicate seat labels and unsafe dimensions (2.822784ms)
✔ 3D preview uses geometry and camera state instead of fabricated seats (1.790665ms)
✔ calibration preserves measured metre scale and rejects impossible or zero length measurements (4.903901ms)
✔ seat image overrides its section image and metadata survives JSON roundtrip (7.420343ms)
✔ unsafe URL schemes, credentials, local hosts, SVG, injected attributes and malformed metadata rejected (1.069147ms)
✔ a webpage link explains how to choose the actual floor-plan image (0.378146ms)
✔ operational, backend and mobile changes do not build web (156.558862ms)
✔ web changes build even alongside operational changes (88.177833ms)
✔ unknown previous deployment builds conservatively (80.022063ms)
✔ category slugs route to the right vertical, plurals included (2.456278ms)
✔ every schema is renderable: known types, unique keys, no banned fields (1.630877ms)
✔ enrichment pre-fills the form, and is kept separate from the owner (1.326047ms)
✔ clean() cannot store a rating, a reserved namespace, or an empty (0.726367ms)
✔ the shared fields every vertical gets are actually shared (0.351346ms)
✔ JSONLD open/close rows render actual times across business verticals (11.172363ms)
✔ missing weekdays are not invented as closed or merged across unknown gaps (0.397092ms)
✔ invalid and ambiguous hours never claim an open status (32.290824ms)
✔ top-level actual hours are preserved without overriding owner clearing (1.228074ms)
✔ enrichment job bookkeeping is not counted as public sourced content (0.668559ms)
✔ church form keys are normalized to render keys (3.180412ms)
✔ restaurant form keys become actionable renderer keys (0.748929ms)
✔ professional, organization, event and generic aliases normalize cleanly (2.418729ms)
✔ vertical normalization preserves enrichment provenance metadata (1.063216ms)
✔ restaurant table ordering is not advertised without configuration (0.85656ms)
✔ create response retains server allocated exact record and scoped request (2.510761ms)
✔ reject wrong receipt workspace_id (2.365399ms)
✔ reject wrong receipt request_id (0.178874ms)
✔ reject wrong receipt operation (0.159668ms)
✔ reject wrong receipt target_id (0.206616ms)
✔ exact next revision and internal attendance target are required (0.380221ms)
✔ only exact confirmed cancellation resolves unknown save (0.6101ms)
✔ installed operations capability requires exact version and scoped current profile (1.061483ms)
✔ worker errors expose only bounded diagnostic labels, never child output (2.650412ms)
✔ deployment failure logs safe classification and never retries the mutation (2.197855ms)
✔ contact projection only returns name and CRM id; no private channel/identity mapping (1.769206ms)
✔ whole response fails closed for wrong workspace/type/archive/role/malformed identity (0.695599ms)
✔ creation selects exact new workspace after authoritative membership, not saved old selection (3.113787ms)
✔ lost reply survives remount without permitting duplicate creation or same-name inference (3.431531ms)
✔ storage failure and actor switch before dispatch do not create (0.446875ms)
✔ double submit cannot race a held creation (8.335903ms)
✔ saved receipt with membership read failure can recover exact ID without another write (0.889271ms)
✔ malformed recovery marker cannot be overwritten (1.581123ms)
✔ failed storage readback after persistence fails closed until original marker is loaded (0.518388ms)
✔ disposal during a held creation cannot publish late navigation (2.694243ms)
✔ public load cannot race an in-flight create and wipe its marker (2.041573ms)
✔ cleanup storage failure cannot turn authoritatively confirmed creation into an unknown retry (0.618836ms)
✔ held initial reload serializes every competing load and create before stale null can return (0.64772ms)
✔ every actual tool appears once, with coherent groups and no module duplication (1.724281ms)
✔ chosen sector recommends tools without hiding or granting others (0.442316ms)
✔ search understands customer task language as well as module names (2.555926ms)
✔ legacy paths and owner-design hash resolve to existing editor with design subview (0.811015ms)
✔ unknown roles and unchecked ownership cannot be claimed as ready (0.388977ms)
✔ provider unavailable does not remove assistant or pretend it is configured (0.284852ms)
✔ capability requires exact actor/internal guardian identity and numeric installed version (1.447103ms)
✔ lost child save retains only identifiers, survives remount and checks same request (4.235502ms)
✔ absent capability blocks mutation and startup recovery but preserves marker (0.637471ms)
✔ known receipt clears before optional caller refresh and wrong nested child stays blocked (0.851741ms)
✔ legacy marker can resolve scoped saved receipt without persisting private retry payload (0.665092ms)
✔ scope mappings never include guardian consent details (1.262519ms)
ℹ tests 1789
ℹ suites 0
ℹ pass 1775
ℹ fail 14
ℹ cancelled 0
ℹ skipped 0
ℹ todo 0
ℹ duration_ms 5419.269022

✖ failing tests:

test at tests/unit/design-system.test.mjs:81:1
✖ no page silently inherits design-system styling through a reused class name (3421.773301ms)
  AssertionError [ERR_ASSERTION]: NEW class collision with the design system. Namespace it (see the map page's m-* prefix), or add it to SHARED if the reuse is deliberate:
    .qa-image/follow-legacy-component.html restyles .ico
    .qa-image/follow-legacy-component.html restyles .dim
    .qa-image/follow-legacy-component.html restyles .gname
    .qa-image/follow-legacy-component.html restyles .field
    .qa-image/follow-legacy-component.html restyles .chip
    .qa-image/follow-legacy-component.html restyles .ico
    .recovery/exact-stage-company-parea-20261003/apps/business-pro/index.html restyles .h1
    .recovery/exact-stage-company-parea-20261003/apps/business-pro/index.html restyles .eyebrow
    .recovery/exact-stage-company-parea-20261003/apps/business-pro/index.html restyles .dot
    .recovery/exact-stage-company-parea-20261003/apps/business-pro/index.html restyles .field
    .recovery/exact-stage-company-parea-20261003/apps/business-pro/index.html restyles .chip
    .recovery/exact-stage-company-parea-20261003/apps/business-pro/index.html restyles .h1
    .recovery/exact-stage-company-parea-20261003/apps/command-center/index.html restyles .dot
    .recovery/exact-stage-company-parea-20261003/apps/event-os/index.html restyles .dot
    .recovery/exact-stage-company-parea-20261003/apps/event-os/index.html restyles .eyebrow
    .recovery/exact-stage-company-parea-20261003/apps/event-os/index.html restyles .field
    .recovery/exact-stage-company-parea-20261003/apps/index.html restyles .eyebrow
    .recovery/exact-stage-company-parea-20261003/apps/index.html restyles .dot
    .recovery/exact-stage-company-parea-20261003/apps/index.html restyles .lede
    .recovery/exact-stage-company-parea-20261003/apps/index.html restyles .ico
    .recovery/exact-stage-company-parea-20261003/apps/index.html restyles .chip
    .recovery/exact-stage-company-parea-20261003/apps/intelligence/index.html restyles .eyebrow
    .recovery/exact-stage-company-parea-20261003/apps/intelligence/index.html restyles .stat
    .recovery/exact-stage-company-parea-20261003/apps/tickets-studio/index.html restyles .dot
    .recovery/exact-stage-company-parea-20261003/apps/tickets-studio/index.html restyles .field
    .recovery/exact-stage-company-parea-20261003/explore/app/index.html restyles .ico
    .recovery/exact-stage-company-parea-20261003/explore/app/index.html restyles .dim
    .recovery/exact-stage-company-parea-20261003/explore/app/index.html restyles .gname
    .recovery/exact-stage-company-parea-20261003/explore/app/index.html restyles .field
    .recovery/exact-stage-company-parea-20261003/explore/app/index.html restyles .chip
    .recovery/exact-stage-company-parea-20261003/explore/app/index.html restyles .ico
    .recovery/exact-stage-company-parea-20261003/social/index.html restyles .field
    .recovery/exact-stage-company-parea-20261003/tickets/index.html restyles .dot
    .recovery/exact-stage-company-parea-20261003/tickets/index.html restyles .field
    .recovery/exact-stage-company-parea-20261003/tickets/index.html restyles .eyebrow
    .recovery/exact-stage-company-parea-20261003/tickets/index.html restyles .stat
    .recovery/exact-stage-company-parea-20261003/tickets/index.html restyles .field
    .recovery/exact-stage-company-parea-20261003/tickets/index.html restyles .eyebrow
    .recovery/exact-stage-company-parea-final-20261003/apps/business-pro/index.html restyles .h1
    .recovery/exact-stage-company-parea-final-20261003/apps/business-pro/index.html restyles .eyebrow
    .recovery/exact-stage-company-parea-final-20261003/apps/business-pro/index.html restyles .dot
    .recovery/exact-stage-company-parea-final-20261003/apps/business-pro/index.html restyles .field
    .recovery/exact-stage-company-parea-final-20261003/apps/business-pro/index.html restyles .chip
    .recovery/exact-stage-company-parea-final-20261003/apps/business-pro/index.html restyles .h1
    .recovery/exact-stage-company-parea-final-20261003/apps/command-center/index.html restyles .dot
    .recovery/exact-stage-company-parea-final-20261003/apps/event-os/index.html restyles .dot
    .recovery/exact-stage-company-parea-final-20261003/apps/event-os/index.html restyles .eyebrow
    .recovery/exact-stage-company-parea-final-20261003/apps/event-os/index.html restyles .field
    .recovery/exact-stage-company-parea-final-20261003/apps/index.html restyles .eyebrow
    .recovery/exact-stage-company-parea-final-20261003/apps/index.html restyles .dot
    .recovery/exact-stage-company-parea-final-20261003/apps/index.html restyles .lede
    .recovery/exact-stage-company-parea-final-20261003/apps/index.html restyles .ico
    .recovery/exact-stage-company-parea-final-20261003/apps/index.html restyles .chip
    .recovery/exact-stage-company-parea-final-20261003/apps/intelligence/index.html restyles .eyebrow
    .recovery/exact-stage-company-parea-final-20261003/apps/intelligence/index.html restyles .stat
    .recovery/exact-stage-company-parea-final-20261003/apps/tickets-studio/index.html restyles .dot
    .recovery/exact-stage-company-parea-final-20261003/apps/tickets-studio/index.html restyles .field
    .recovery/exact-stage-company-parea-final-20261003/explore/app/index.html restyles .ico
    .recovery/exact-stage-company-parea-final-20261003/explore/app/index.html restyles .dim
    .recovery/exact-stage-company-parea-final-20261003/explore/app/index.html restyles .gname
    .recovery/exact-stage-company-parea-final-20261003/explore/app/index.html restyles .field
    .recovery/exact-stage-company-parea-final-20261003/explore/app/index.html restyles .chip
    .recovery/exact-stage-company-parea-final-20261003/explore/app/index.html restyles .ico
    .recovery/exact-stage-company-parea-final-20261003/social/index.html restyles .field
    .recovery/exact-stage-company-parea-final-20261003/tickets/index.html restyles .dot
    .recovery/exact-stage-company-parea-final-20261003/tickets/index.html restyles .field
    .recovery/exact-stage-company-parea-final-20261003/tickets/index.html restyles .eyebrow
    .recovery/exact-stage-company-parea-final-20261003/tickets/index.html restyles .stat
    .recovery/exact-stage-company-parea-final-20261003/tickets/index.html restyles .field
    .recovery/exact-stage-company-parea-final-20261003/tickets/index.html restyles .eyebrow
    .recovery/owned-freezes/autocomplete-city-parent-2026-10-03/apps/business-pro/index.html restyles .h1
    .recovery/owned-freezes/autocomplete-city-parent-2026-10-03/apps/business-pro/index.html restyles .eyebrow
    .recovery/owned-freezes/autocomplete-city-parent-2026-10-03/apps/business-pro/index.html restyles .dot
    .recovery/owned-freezes/autocomplete-city-parent-2026-10-03/apps/business-pro/index.html restyles .field
    .recovery/owned-freezes/autocomplete-city-parent-2026-10-03/apps/business-pro/index.html restyles .chip
    .recovery/owned-freezes/autocomplete-city-parent-2026-10-03/apps/business-pro/index.html restyles .h1
    .recovery/owned-freezes/autocomplete-city-parent-2026-10-03/apps/command-center/index.html restyles .dot
    .recovery/owned-freezes/autocomplete-city-parent-2026-10-03/apps/event-os/index.html restyles .dot
    .recovery/owned-freezes/autocomplete-city-parent-2026-10-03/apps/event-os/index.html restyles .eyebrow
    .recovery/owned-freezes/autocomplete-city-parent-2026-10-03/apps/event-os/index.html restyles .field
    .recovery/owned-freezes/autocomplete-city-parent-2026-10-03/apps/index.html restyles .eyebrow
    .recovery/owned-freezes/autocomplete-city-parent-2026-10-03/apps/index.html restyles .dot
    .recovery/owned-freezes/autocomplete-city-parent-2026-10-03/apps/index.html restyles .lede
    .recovery/owned-freezes/autocomplete-city-parent-2026-10-03/apps/index.html restyles .ico
    .recovery/owned-freezes/autocomplete-city-parent-2026-10-03/apps/index.html restyles .chip
    .recovery/owned-freezes/autocomplete-city-parent-2026-10-03/apps/intelligence/index.html restyles .eyebrow
    .recovery/owned-freezes/autocomplete-city-parent-2026-10-03/apps/intelligence/index.html restyles .stat
    .recovery/owned-freezes/autocomplete-city-parent-2026-10-03/apps/tickets-studio/index.html restyles .dot
    .recovery/owned-freezes/autocomplete-city-parent-2026-10-03/apps/tickets-studio/index.html restyles .field
    .recovery/owned-freezes/autocomplete-city-parent-2026-10-03/explore/app/index.html restyles .ico
    .recovery/owned-freezes/autocomplete-city-parent-2026-10-03/explore/app/index.html restyles .dim
    .recovery/owned-freezes/autocomplete-city-parent-2026-10-03/explore/app/index.html restyles .gname
    .recovery/owned-freezes/autocomplete-city-parent-2026-10-03/explore/app/index.html restyles .field
    .recovery/owned-freezes/autocomplete-city-parent-2026-10-03/explore/app/index.html restyles .chip
    .recovery/owned-freezes/autocomplete-city-parent-2026-10-03/explore/app/index.html restyles .ico
    .recovery/owned-freezes/autocomplete-city-parent-2026-10-03/social/index.html restyles .field
    .recovery/owned-freezes/autocomplete-city-parent-2026-10-03/tickets/index.html restyles .dot
    .recovery/owned-freezes/autocomplete-city-parent-2026-10-03/tickets/index.html restyles .field
    .recovery/owned-freezes/autocomplete-city-parent-2026-10-03/tickets/index.html restyles .eyebrow
    .recovery/owned-freezes/autocomplete-city-parent-2026-10-03/tickets/index.html restyles .stat
    .recovery/owned-freezes/autocomplete-city-parent-2026-10-03/tickets/index.html restyles .field
    .recovery/owned-freezes/autocomplete-city-parent-2026-10-03/tickets/index.html restyles .eyebrow
    .recovery/owned-freezes/company-console-2026-10-03/apps/business-pro/index.html restyles .h1
    .recovery/owned-freezes/company-console-2026-10-03/apps/business-pro/index.html restyles .eyebrow
    .recovery/owned-freezes/company-console-2026-10-03/apps/business-pro/index.html restyles .dot
    .recovery/owned-freezes/company-console-2026-10-03/apps/business-pro/index.html restyles .field
    .recovery/owned-freezes/company-console-2026-10-03/apps/business-pro/index.html restyles .chip
    .recovery/owned-freezes/company-console-2026-10-03/apps/business-pro/index.html restyles .h1
    .recovery/owned-freezes/company-console-2026-10-03/apps/command-center/index.html restyles .dot
    .recovery/owned-freezes/company-console-2026-10-03/apps/event-os/index.html restyles .dot
    .recovery/owned-freezes/company-console-2026-10-03/apps/event-os/index.html restyles .eyebrow
    .recovery/owned-freezes/company-console-2026-10-03/apps/event-os/index.html restyles .field
    .recovery/owned-freezes/company-console-2026-10-03/apps/index.html restyles .eyebrow
    .recovery/owned-freezes/company-console-2026-10-03/apps/index.html restyles .dot
    .recovery/owned-freezes/company-console-2026-10-03/apps/index.html restyles .lede
    .recovery/owned-freezes/company-console-2026-10-03/apps/index.html restyles .ico
    .recovery/owned-freezes/company-console-2026-10-03/apps/index.html restyles .chip
    .recovery/owned-freezes/company-console-2026-10-03/apps/intelligence/index.html restyles .eyebrow
    .recovery/owned-freezes/company-console-2026-10-03/apps/intelligence/index.html restyles .stat
    .recovery/owned-freezes/company-console-2026-10-03/apps/tickets-studio/index.html restyles .dot
    .recovery/owned-freezes/company-console-2026-10-03/apps/tickets-studio/index.html restyles .field
    .recovery/owned-freezes/company-console-2026-10-03/explore/app/index.html restyles .ico
    .recovery/owned-freezes/company-console-2026-10-03/explore/app/index.html restyles .dim
    .recovery/owned-freezes/company-console-2026-10-03/explore/app/index.html restyles .gname
    .recovery/owned-freezes/company-console-2026-10-03/explore/app/index.html restyles .field
    .recovery/owned-freezes/company-console-2026-10-03/explore/app/index.html restyles .chip
    .recovery/owned-freezes/company-console-2026-10-03/explore/app/index.html restyles .ico
    .recovery/owned-freezes/company-console-2026-10-03/social/index.html restyles .field
    .recovery/owned-freezes/company-console-2026-10-03/tickets/index.html restyles .dot
    .recovery/owned-freezes/company-console-2026-10-03/tickets/index.html restyles .field
    .recovery/owned-freezes/company-console-2026-10-03/tickets/index.html restyles .eyebrow
    .recovery/owned-freezes/company-console-2026-10-03/tickets/index.html restyles .stat
    .recovery/owned-freezes/company-console-2026-10-03/tickets/index.html restyles .field
    .recovery/owned-freezes/company-console-2026-10-03/tickets/index.html restyles .eyebrow
    .recovery/owned-freezes/map-unlocated-address-parent-2026-10-03/apps/business-pro/index.html restyles .h1
    .recovery/owned-freezes/map-unlocated-address-parent-2026-10-03/apps/business-pro/index.html restyles .eyebrow
    .recovery/owned-freezes/map-unlocated-address-parent-2026-10-03/apps/business-pro/index.html restyles .dot
    .recovery/owned-freezes/map-unlocated-address-parent-2026-10-03/apps/business-pro/index.html restyles .field
    .recovery/owned-freezes/map-unlocated-address-parent-2026-10-03/apps/business-pro/index.html restyles .chip
    .recovery/owned-freezes/map-unlocated-address-parent-2026-10-03/apps/business-pro/index.html restyles .h1
    .recovery/owned-freezes/map-unlocated-address-parent-2026-10-03/apps/command-center/index.html restyles .dot
    .recovery/owned-freezes/map-unlocated-address-parent-2026-10-03/apps/event-os/index.html restyles .dot
    .recovery/owned-freezes/map-unlocated-address-parent-2026-10-03/apps/event-os/index.html restyles .eyebrow
    .recovery/owned-freezes/map-unlocated-address-parent-2026-10-03/apps/event-os/index.html restyles .field
    .recovery/owned-freezes/map-unlocated-address-parent-2026-10-03/apps/index.html restyles .eyebrow
    .recovery/owned-freezes/map-unlocated-address-parent-2026-10-03/apps/index.html restyles .dot
    .recovery/owned-freezes/map-unlocated-address-parent-2026-10-03/apps/index.html restyles .lede
    .recovery/owned-freezes/map-unlocated-address-parent-2026-10-03/apps/index.html restyles .ico
    .recovery/owned-freezes/map-unlocated-address-parent-2026-10-03/apps/index.html restyles .chip
    .recovery/owned-freezes/map-unlocated-address-parent-2026-10-03/apps/intelligence/index.html restyles .eyebrow
    .recovery/owned-freezes/map-unlocated-address-parent-2026-10-03/apps/intelligence/index.html restyles .stat
    .recovery/owned-freezes/map-unlocated-address-parent-2026-10-03/apps/tickets-studio/index.html restyles .dot
    .recovery/owned-freezes/map-unlocated-address-parent-2026-10-03/apps/tickets-studio/index.html restyles .field
    .recovery/owned-freezes/map-unlocated-address-parent-2026-10-03/explore/app/index.html restyles .ico
    .recovery/owned-freezes/map-unlocated-address-parent-2026-10-03/explore/app/index.html restyles .dim
    .recovery/owned-freezes/map-unlocated-address-parent-2026-10-03/explore/app/index.html restyles .gname
    .recovery/owned-freezes/map-unlocated-address-parent-2026-10-03/explore/app/index.html restyles .field
    .recovery/owned-freezes/map-unlocated-address-parent-2026-10-03/explore/app/index.html restyles .chip
    .recovery/owned-freezes/map-unlocated-address-parent-2026-10-03/explore/app/index.html restyles .ico
    .recovery/owned-freezes/map-unlocated-address-parent-2026-10-03/social/index.html restyles .field
    .recovery/owned-freezes/map-unlocated-address-parent-2026-10-03/tickets/index.html restyles .dot
    .recovery/owned-freezes/map-unlocated-address-parent-2026-10-03/tickets/index.html restyles .field
    .recovery/owned-freezes/map-unlocated-address-parent-2026-10-03/tickets/index.html restyles .eyebrow
    .recovery/owned-freezes/map-unlocated-address-parent-2026-10-03/tickets/index.html restyles .stat
    .recovery/owned-freezes/map-unlocated-address-parent-2026-10-03/tickets/index.html restyles .field
    .recovery/owned-freezes/map-unlocated-address-parent-2026-10-03/tickets/index.html restyles .eyebrow
    .recovery/owned-freezes/native-company-console-2026-10-03/apps/business-pro/index.html restyles .h1
    .recovery/owned-freezes/native-company-console-2026-10-03/apps/business-pro/index.html restyles .eyebrow
    .recovery/owned-freezes/native-company-console-2026-10-03/apps/business-pro/index.html restyles .dot
    .recovery/owned-freezes/native-company-console-2026-10-03/apps/business-pro/index.html restyles .field
    .recovery/owned-freezes/native-company-console-2026-10-03/apps/business-pro/index.html restyles .chip
    .recovery/owned-freezes/native-company-console-2026-10-03/apps/business-pro/index.html restyles .h1
    .recovery/owned-freezes/native-company-console-2026-10-03/apps/command-center/index.html restyles .dot
    .recovery/owned-freezes/native-company-console-2026-10-03/apps/event-os/index.html restyles .dot
    .recovery/owned-freezes/native-company-console-2026-10-03/apps/event-os/index.html restyles .eyebrow
    .recovery/owned-freezes/native-company-console-2026-10-03/apps/event-os/index.html restyles .field
    .recovery/owned-freezes/native-company-console-2026-10-03/apps/index.html restyles .eyebrow
    .recovery/owned-freezes/native-company-console-2026-10-03/apps/index.html restyles .dot
    .recovery/owned-freezes/native-company-console-2026-10-03/apps/index.html restyles .lede
    .recovery/owned-freezes/native-company-console-2026-10-03/apps/index.html restyles .ico
    .recovery/owned-freezes/native-company-console-2026-10-03/apps/index.html restyles .chip
    .recovery/owned-freezes/native-company-console-2026-10-03/apps/intelligence/index.html restyles .eyebrow
    .recovery/owned-freezes/native-company-console-2026-10-03/apps/intelligence/index.html restyles .stat
    .recovery/owned-freezes/native-company-console-2026-10-03/apps/tickets-studio/index.html restyles .dot
    .recovery/owned-freezes/native-company-console-2026-10-03/apps/tickets-studio/index.html restyles .field
    .recovery/owned-freezes/native-company-console-2026-10-03/explore/app/index.html restyles .ico
    .recovery/owned-freezes/native-company-console-2026-10-03/explore/app/index.html restyles .dim
    .recovery/owned-freezes/native-company-console-2026-10-03/explore/app/index.html restyles .gname
    .recovery/owned-freezes/native-company-console-2026-10-03/explore/app/index.html restyles .field
    .recovery/owned-freezes/native-company-console-2026-10-03/explore/app/index.html restyles .chip
    .recovery/owned-freezes/native-company-console-2026-10-03/explore/app/index.html restyles .ico
    .recovery/owned-freezes/native-company-console-2026-10-03/social/index.html restyles .field
    .recovery/owned-freezes/native-company-console-2026-10-03/tickets/index.html restyles .dot
    .recovery/owned-freezes/native-company-console-2026-10-03/tickets/index.html restyles .field
    .recovery/owned-freezes/native-company-console-2026-10-03/tickets/index.html restyles .eyebrow
    .recovery/owned-freezes/native-company-console-2026-10-03/tickets/index.html restyles .stat
    .recovery/owned-freezes/native-company-console-2026-10-03/tickets/index.html restyles .field
    .recovery/owned-freezes/native-company-console-2026-10-03/tickets/index.html restyles .eyebrow
    .recovery/owned-freezes/native-company-console-parent-2026-10-03/apps/business-pro/index.html restyles .h1
    .recovery/owned-freezes/native-company-console-parent-2026-10-03/apps/business-pro/index.html restyles .eyebrow
    .recovery/owned-freezes/native-company-console-parent-2026-10-03/apps/business-pro/index.html restyles .dot
    .recovery/owned-freezes/native-company-console-parent-2026-10-03/apps/business-pro/index.html restyles .field
    .recovery/owned-freezes/native-company-console-parent-2026-10-03/apps/business-pro/index.html restyles .chip
    .recovery/owned-freezes/native-company-console-parent-2026-10-03/apps/business-pro/index.html restyles .h1
    .recovery/owned-freezes/native-company-console-parent-2026-10-03/apps/command-center/index.html restyles .dot
    .recovery/owned-freezes/native-company-console-parent-2026-10-03/apps/event-os/index.html restyles .dot
    .recovery/owned-freezes/native-company-console-parent-2026-10-03/apps/event-os/index.html restyles .eyebrow
    .recovery/owned-freezes/native-company-console-parent-2026-10-03/apps/event-os/index.html restyles .field
    .recovery/owned-freezes/native-company-console-parent-2026-10-03/apps/index.html restyles .eyebrow
    .recovery/owned-freezes/native-company-console-parent-2026-10-03/apps/index.html restyles .dot
    .recovery/owned-freezes/native-company-console-parent-2026-10-03/apps/index.html restyles .lede
    .recovery/owned-freezes/native-company-console-parent-2026-10-03/apps/index.html restyles .ico
    .recovery/owned-freezes/native-company-console-parent-2026-10-03/apps/index.html restyles .chip
    .recovery/owned-freezes/native-company-console-parent-2026-10-03/apps/intelligence/index.html restyles .eyebrow
    .recovery/owned-freezes/native-company-console-parent-2026-10-03/apps/intelligence/index.html restyles .stat
    .recovery/owned-freezes/native-company-console-parent-2026-10-03/apps/tickets-studio/index.html restyles .dot
    .recovery/owned-freezes/native-company-console-parent-2026-10-03/apps/tickets-studio/index.html restyles .field
    .recovery/owned-freezes/native-company-console-parent-2026-10-03/explore/app/index.html restyles .ico
    .recovery/owned-freezes/native-company-console-parent-2026-10-03/explore/app/index.html restyles .dim
    .recovery/owned-freezes/native-company-console-parent-2026-10-03/explore/app/index.html restyles .gname
    .recovery/owned-freezes/native-company-console-parent-2026-10-03/explore/app/index.html restyles .field
    .recovery/owned-freezes/native-company-console-parent-2026-10-03/explore/app/index.html restyles .chip
    .recovery/owned-freezes/native-company-console-parent-2026-10-03/explore/app/index.html restyles .ico
    .recovery/owned-freezes/native-company-console-parent-2026-10-03/social/index.html restyles .field
    .recovery/owned-freezes/native-company-console-parent-2026-10-03/tickets/index.html restyles .dot
    .recovery/owned-freezes/native-company-console-parent-2026-10-03/tickets/index.html restyles .field
    .recovery/owned-freezes/native-company-console-parent-2026-10-03/tickets/index.html restyles .eyebrow
    .recovery/owned-freezes/native-company-console-parent-2026-10-03/tickets/index.html restyles .stat
    .recovery/owned-freezes/native-company-console-parent-2026-10-03/tickets/index.html restyles .field
    .recovery/owned-freezes/native-company-console-parent-2026-10-03/tickets/index.html restyles .eyebrow
    .recovery/owned-freezes/parea-parent-independent-2026-10-03/apps/business-pro/index.html restyles .h1
    .recovery/owned-freezes/parea-parent-independent-2026-10-03/apps/business-pro/index.html restyles .eyebrow
    .recovery/owned-freezes/parea-parent-independent-2026-10-03/apps/business-pro/index.html restyles .dot
    .recovery/owned-freezes/parea-parent-independent-2026-10-03/apps/business-pro/index.html restyles .field
    .recovery/owned-freezes/parea-parent-independent-2026-10-03/apps/business-pro/index.html restyles .chip
    .recovery/owned-freezes/parea-parent-independent-2026-10-03/apps/business-pro/index.html restyles .h1
    .recovery/owned-freezes/parea-parent-independent-2026-10-03/apps/command-center/index.html restyles .dot
    .recovery/owned-freezes/parea-parent-independent-2026-10-03/apps/event-os/index.html restyles .dot
    .recovery/owned-freezes/parea-parent-independent-2026-10-03/apps/event-os/index.html restyles .eyebrow
    .recovery/owned-freezes/parea-parent-independent-2026-10-03/apps/event-os/index.html restyles .field
    .recovery/owned-freezes/parea-parent-independent-2026-10-03/apps/index.html restyles .eyebrow
    .recovery/owned-freezes/parea-parent-independent-2026-10-03/apps/index.html restyles .dot
    .recovery/owned-freezes/parea-parent-independent-2026-10-03/apps/index.html restyles .lede
    .recovery/owned-freezes/parea-parent-independent-2026-10-03/apps/index.html restyles .ico
    .recovery/owned-freezes/parea-parent-independent-2026-10-03/apps/index.html restyles .chip
    .recovery/owned-freezes/parea-parent-independent-2026-10-03/apps/intelligence/index.html restyles .eyebrow
    .recovery/owned-freezes/parea-parent-independent-2026-10-03/apps/intelligence/index.html restyles .stat
    .recovery/owned-freezes/parea-parent-independent-2026-10-03/apps/tickets-studio/index.html restyles .dot
    .recovery/owned-freezes/parea-parent-independent-2026-10-03/apps/tickets-studio/index.html restyles .field
    .recovery/owned-freezes/parea-parent-independent-2026-10-03/explore/app/index.html restyles .ico
    .recovery/owned-freezes/parea-parent-independent-2026-10-03/explore/app/index.html restyles .dim
    .recovery/owned-freezes/parea-parent-independent-2026-10-03/explore/app/index.html restyles .gname
    .recovery/owned-freezes/parea-parent-independent-2026-10-03/explore/app/index.html restyles .field
    .recovery/owned-freezes/parea-parent-independent-2026-10-03/explore/app/index.html restyles .chip
    .recovery/owned-freezes/parea-parent-independent-2026-10-03/explore/app/index.html restyles .ico
    .recovery/owned-freezes/parea-parent-independent-2026-10-03/social/index.html restyles .field
    .recovery/owned-freezes/parea-parent-independent-2026-10-03/tickets/index.html restyles .dot
    .recovery/owned-freezes/parea-parent-independent-2026-10-03/tickets/index.html restyles .field
    .recovery/owned-freezes/parea-parent-independent-2026-10-03/tickets/index.html restyles .eyebrow
    .recovery/owned-freezes/parea-parent-independent-2026-10-03/tickets/index.html restyles .stat
    .recovery/owned-freezes/parea-parent-independent-2026-10-03/tickets/index.html restyles .field
    .recovery/owned-freezes/parea-parent-independent-2026-10-03/tickets/index.html restyles .eyebrow
    .recovery/owner-shell-fixture.html restyles .field
    .recovery/web-ga-deployed-fixture.html restyles .dot
    .recovery/web-ga-deployed-fixture.html restyles .field
    .recovery/web-ga-deployed-fixture.html restyles .eyebrow
    .recovery/web-ga-deployed-fixture.html restyles .stat
    .recovery/web-ga-deployed-fixture.html restyles .field
    .recovery/web-ga-deployed-fixture.html restyles .eyebrow
    .recovery/web-ga-fixture.html restyles .dot
    .recovery/web-ga-fixture.html restyles .field
    .recovery/web-ga-fixture.html restyles .eyebrow
    .recovery/web-ga-fixture.html restyles .stat
    .recovery/web-ga-fixture.html restyles .field
    .recovery/web-ga-fixture.html restyles .eyebrow
  + actual - expected
  
  + [
  +   '.qa-image/follow-legacy-component.html restyles .chip',
  +   '.qa-image/follow-legacy-component.html restyles .dim',
  +   '.qa-image/follow-legacy-component.html restyles .field',
  +   '.qa-image/follow-legacy-component.html restyles .gname',
  +   '.qa-image/follow-legacy-component.html restyles .ico',
  +   '.recovery/exact-stage-company-parea-20261003/apps/business-pro/index.html restyles .chip',
  +   '.recovery/exact-stage-company-parea-20261003/apps/business-pro/index.html restyles .dot',
  +   '.recovery/exact-stage-company-parea-20261003/apps/business-pro/index.html restyles .eyebrow',
  +   '.recovery/exact-stage-company-parea-20261003/apps/business-pro/index.html restyles .field',
  +   '.recovery/exact-stage-company-parea-20261003/apps/business-pro/index.html restyles .h1',
  +   '.recovery/exact-stage-company-parea-20261003/apps/command-center/index.html restyles .dot',
  +   '.recovery/exact-stage-company-parea-20261003/apps/event-os/index.html restyles .dot',
  +   '.recovery/exact-stage-company-parea-20261003/apps/event-os/index.html restyles .eyebrow',
  +   '.recovery/exact-stage-company-parea-20261003/apps/event-os/index.html restyles .field',
  +   '.recovery/exact-stage-company-parea-20261003/apps/index.html restyles .chip',
  +   '.recovery/exact-stage-company-parea-20261003/apps/index.html restyles .dot',
  +   '.recovery/exact-stage-company-parea-20261003/apps/index.html restyles .eyebrow',
  +   '.recovery/exact-stage-company-parea-20261003/apps/index.html restyles .ico',
  +   '.recovery/exact-stage-company-parea-20261003/apps/index.html restyles .lede',
  +   '.recovery/exact-stage-company-parea-20261003/apps/intelligence/index.html restyles .eyebrow',
  +   '.recovery/exact-stage-company-parea-20261003/apps/intelligence/index.html restyles .stat',
  +   '.recovery/exact-stage-company-parea-20261003/apps/tickets-studio/index.html restyles .dot',
  +   '.recovery/exact-stage-company-parea-20261003/apps/tickets-studio/index.html restyles .field',
  +   '.recovery/exact-stage-company-parea-20261003/explore/app/index.html restyles .chip',
  +   '.recovery/exact-stage-company-parea-20261003/explore/app/index.html restyles .dim',
  +   '.recovery/exact-stage-company-parea-20261003/explore/app/index.html restyles .field',
  +   '.recovery/exact-stage-company-parea-20261003/explore/app/index.html restyles .gname',
  +   '.recovery/exact-stage-company-parea-20261003/explore/app/index.html restyles .ico',
  +   '.recovery/exact-stage-company-parea-20261003/social/index.html restyles .field',
  +   '.recovery/exact-stage-company-parea-20261003/tickets/index.html restyles .dot',
  +   '.recovery/exact-stage-company-parea-20261003/tickets/index.html restyles .eyebrow',
  +   '.recovery/exact-stage-company-parea-20261003/tickets/index.html restyles .field',
  +   '.recovery/exact-stage-company-parea-20261003/tickets/index.html restyles .stat',
  +   '.recovery/exact-stage-company-parea-final-20261003/apps/business-pro/index.html restyles .chip',
  +   '.recovery/exact-stage-company-parea-final-20261003/apps/business-pro/index.html restyles .dot',
  +   '.recovery/exact-stage-company-parea-final-20261003/apps/business-pro/index.html restyles .eyebrow',
  +   '.recovery/exact-stage-company-parea-final-20261003/apps/business-pro/index.html restyles .field',
  +   '.recovery/exact-stage-company-parea-final-20261003/apps/business-pro/index.html restyles .h1',
  +   '.recovery/exact-stage-company-parea-final-20261003/apps/command-center/index.html restyles .dot',
  +   '.recovery/exact-stage-company-parea-final-20261003/apps/event-os/index.html restyles .dot',
  +   '.recovery/exact-stage-company-parea-final-20261003/apps/event-os/index.html restyles .eyebrow',
  +   '.recovery/exact-stage-company-parea-final-20261003/apps/event-os/index.html restyles .field',
  +   '.recovery/exact-stage-company-parea-final-20261003/apps/index.html restyles .chip',
  +   '.recovery/exact-stage-company-parea-final-20261003/apps/index.html restyles .dot',
  +   '.recovery/exact-stage-company-parea-final-20261003/apps/index.html restyles .eyebrow',
  +   '.recovery/exact-stage-company-parea-final-20261003/apps/index.html restyles .ico',
  +   '.recovery/exact-stage-company-parea-final-20261003/apps/index.html restyles .lede',
  +   '.recovery/exact-stage-company-parea-final-20261003/apps/intelligence/index.html restyles .eyebrow',
  +   '.recovery/exact-stage-company-parea-final-20261003/apps/intelligence/index.html restyles .stat',
  +   '.recovery/exact-stage-company-parea-final-20261003/apps/tickets-studio/index.html restyles .dot',
  +   '.recovery/exact-stage-company-parea-final-20261003/apps/tickets-studio/index.html restyles .field',
  +   '.recovery/exact-stage-company-parea-final-20261003/explore/app/index.html restyles .chip',
  +   '.recovery/exact-stage-company-parea-final-20261003/explore/app/index.html restyles .dim',
  +   '.recovery/exact-stage-company-parea-final-20261003/explore/app/index.html restyles .field',
  +   '.recovery/exact-stage-company-parea-final-20261003/explore/app/index.html restyles .gname',
  +   '.recovery/exact-stage-company-parea-final-20261003/explore/app/index.html restyles .ico',
  +   '.recovery/exact-stage-company-parea-final-20261003/social/index.html restyles .field',
  +   '.recovery/exact-stage-company-parea-final-20261003/tickets/index.html restyles .dot',
  +   '.recovery/exact-stage-company-parea-final-20261003/tickets/index.html restyles .eyebrow',
  +   '.recovery/exact-stage-company-parea-final-20261003/tickets/index.html restyles .field',
  +   '.recovery/exact-stage-company-parea-final-20261003/tickets/index.html restyles .stat',
  +   '.recovery/owned-freezes/autocomplete-city-parent-2026-10-03/apps/business-pro/index.html restyles .chip',
  +   '.recovery/owned-freezes/autocomplete-city-parent-2026-10-03/apps/business-pro/index.html restyles .dot',
  +   '.recovery/owned-freezes/autocomplete-city-parent-2026-10-03/apps/business-pro/index.html restyles .eyebrow',
  +   '.recovery/owned-freezes/autocomplete-city-parent-2026-10-03/apps/business-pro/index.html restyles .field',
  +   '.recovery/owned-freezes/autocomplete-city-parent-2026-10-03/apps/business-pro/index.html restyles .h1',
  +   '.recovery/owned-freezes/autocomplete-city-parent-2026-10-03/apps/command-center/index.html restyles .dot',
  +   '.recovery/owned-freezes/autocomplete-city-parent-2026-10-03/apps/event-os/index.html restyles .dot',
  +   '.recovery/owned-freezes/autocomplete-city-parent-2026-10-03/apps/event-os/index.html restyles .eyebrow',
  +   '.recovery/owned-freezes/autocomplete-city-parent-2026-10-03/apps/event-os/index.html restyles .field',
  +   '.recovery/owned-freezes/autocomplete-city-parent-2026-10-03/apps/index.html restyles .chip',
  +   '.recovery/owned-freezes/autocomplete-city-parent-2026-10-03/apps/index.html restyles .dot',
  +   '.recovery/owned-freezes/autocomplete-city-parent-2026-10-03/apps/index.html restyles .eyebrow',
  +   '.recovery/owned-freezes/autocomplete-city-parent-2026-10-03/apps/index.html restyles .ico',
  +   '.recovery/owned-freezes/autocomplete-city-parent-2026-10-03/apps/index.html restyles .lede',
  +   '.recovery/owned-freezes/autocomplete-city-parent-2026-10-03/apps/intelligence/index.html restyles .eyebrow',
  +   '.recovery/owned-freezes/autocomplete-city-parent-2026-10-03/apps/intelligence/index.html restyles .stat',
  +   '.recovery/owned-freezes/autocomplete-city-parent-2026-10-03/apps/tickets-studio/index.html restyles .dot',
  +   '.recovery/owned-freezes/autocomplete-city-parent-2026-10-03/apps/tickets-studio/index.html restyles .field',
  +   '.recovery/owned-freezes/autocomplete-city-parent-2026-10-03/explore/app/index.html restyles .chip',
  +   '.recovery/owned-freezes/autocomplete-city-parent-2026-10-03/explore/app/index.html restyles .dim',
  +   '.recovery/owned-freezes/autocomplete-city-parent-2026-10-03/explore/app/index.html restyles .field',
  +   '.recovery/owned-freezes/autocomplete-city-parent-2026-10-03/explore/app/index.html restyles .gname',
  +   '.recovery/owned-freezes/autocomplete-city-parent-2026-10-03/explore/app/index.html restyles .ico',
  +   '.recovery/owned-freezes/autocomplete-city-parent-2026-10-03/social/index.html restyles .field',
  +   '.recovery/owned-freezes/autocomplete-city-parent-2026-10-03/tickets/index.html restyles .dot',
  +   '.recovery/owned-freezes/autocomplete-city-parent-2026-10-03/tickets/index.html restyles .eyebrow',
  +   '.recovery/owned-freezes/autocomplete-city-parent-2026-10-03/tickets/index.html restyles .field',
  +   '.recovery/owned-freezes/autocomplete-city-parent-2026-10-03/tickets/index.html restyles .stat',
  +   '.recovery/owned-freezes/company-console-2026-10-03/apps/business-pro/index.html restyles .chip',
  +   '.recovery/owned-freezes/company-console-2026-10-03/apps/business-pro/index.html restyles .dot',
  +   '.recovery/owned-freezes/company-console-2026-10-03/apps/business-pro/index.html restyles .eyebrow',
  +   '.recovery/owned-freezes/company-console-2026-10-03/apps/business-pro/index.html restyles .field',
  +   '.recovery/owned-freezes/company-console-2026-10-03/apps/business-pro/index.html restyles .h1',
  +   '.recovery/owned-freezes/company-console-2026-10-03/apps/command-center/index.html restyles .dot',
  +   '.recovery/owned-freezes/company-console-2026-10-03/apps/event-os/index.html restyles .dot',
  +   '.recovery/owned-freezes/company-console-2026-10-03/apps/event-os/index.html restyles .eyebrow',
  +   '.recovery/owned-freezes/company-console-2026-10-03/apps/event-os/index.html restyles .field',
  +   '.recovery/owned-freezes/company-console-2026-10-03/apps/index.html restyles .chip',
  +   '.recovery/owned-freezes/company-console-2026-10-03/apps/index.html restyles .dot',
  +   '.recovery/owned-freezes/company-console-2026-10-03/apps/index.html restyles .eyebrow',
  +   '.recovery/owned-freezes/company-console-2026-10-03/apps/index.html restyles .ico',
  +   '.recovery/owned-freezes/company-console-2026-10-03/apps/index.html restyles .lede',
  +   '.recovery/owned-freezes/company-console-2026-10-03/apps/intelligence/index.html restyles .eyebrow',
  +   '.recovery/owned-freezes/company-console-2026-10-03/apps/intelligence/index.html restyles .stat',
  +   '.recovery/owned-freezes/company-console-2026-10-03/apps/tickets-studio/index.html restyles .dot',
  +   '.recovery/owned-freezes/company-console-2026-10-03/apps/tickets-studio/index.html restyles .field',
  +   '.recovery/owned-freezes/company-console-2026-10-03/explore/app/index.html restyles .chip',
  +   '.recovery/owned-freezes/company-console-2026-10-03/explore/app/index.html restyles .dim',
  +   '.recovery/owned-freezes/company-console-2026-10-03/explore/app/index.html restyles .field',
  +   '.recovery/owned-freezes/company-console-2026-10-03/explore/app/index.html restyles .gname',
  +   '.recovery/owned-freezes/company-console-2026-10-03/explore/app/index.html restyles .ico',
  +   '.recovery/owned-freezes/company-console-2026-10-03/social/index.html restyles .field',
  +   '.recovery/owned-freezes/company-console-2026-10-03/tickets/index.html restyles .dot',
  +   '.recovery/owned-freezes/company-console-2026-10-03/tickets/index.html restyles .eyebrow',
  +   '.recovery/owned-freezes/company-console-2026-10-03/tickets/index.html restyles .field',
  +   '.recovery/owned-freezes/company-console-2026-10-03/tickets/index.html restyles .stat',
  +   '.recovery/owned-freezes/map-unlocated-address-parent-2026-10-03/apps/business-pro/index.html restyles .chip',
  +   '.recovery/owned-freezes/map-unlocated-address-parent-2026-10-03/apps/business-pro/index.html restyles .dot',
  +   '.recovery/owned-freezes/map-unlocated-address-parent-2026-10-03/apps/business-pro/index.html restyles .eyebrow',
  +   '.recovery/owned-freezes/map-unlocated-address-parent-2026-10-03/apps/business-pro/index.html restyles .field',
  +   '.recovery/owned-freezes/map-unlocated-address-parent-2026-10-03/apps/business-pro/index.html restyles .h1',
  +   '.recovery/owned-freezes/map-unlocated-address-parent-2026-10-03/apps/command-center/index.html restyles .dot',
  +   '.recovery/owned-freezes/map-unlocated-address-parent-2026-10-03/apps/event-os/index.html restyles .dot',
  +   '.recovery/owned-freezes/map-unlocated-address-parent-2026-10-03/apps/event-os/index.html restyles .eyebrow',
  +   '.recovery/owned-freezes/map-unlocated-address-parent-2026-10-03/apps/event-os/index.html restyles .field',
  +   '.recovery/owned-freezes/map-unlocated-address-parent-2026-10-03/apps/index.html restyles .chip',
  +   '.recovery/owned-freezes/map-unlocated-address-parent-2026-10-03/apps/index.html restyles .dot',
  +   '.recovery/owned-freezes/map-unlocated-address-parent-2026-10-03/apps/index.html restyles .eyebrow',
  +   '.recovery/owned-freezes/map-unlocated-address-parent-2026-10-03/apps/index.html restyles .ico',
  +   '.recovery/owned-freezes/map-unlocated-address-parent-2026-10-03/apps/index.html restyles .lede',
  +   '.recovery/owned-freezes/map-unlocated-address-parent-2026-10-03/apps/intelligence/index.html restyles .eyebrow',
  +   '.recovery/owned-freezes/map-unlocated-address-parent-2026-10-03/apps/intelligence/index.html restyles .stat',
  +   '.recovery/owned-freezes/map-unlocated-address-parent-2026-10-03/apps/tickets-studio/index.html restyles .dot',
  +   '.recovery/owned-freezes/map-unlocated-address-parent-2026-10-03/apps/tickets-studio/index.html restyles .field',
  +   '.recovery/owned-freezes/map-unlocated-address-parent-2026-10-03/explore/app/index.html restyles .chip',
  +   '.recovery/owned-freezes/map-unlocated-address-parent-2026-10-03/explore/app/index.html restyles .dim',
  +   '.recovery/owned-freezes/map-unlocated-address-parent-2026-10-03/explore/app/index.html restyles .field',
  +   '.recovery/owned-freezes/map-unlocated-address-parent-2026-10-03/explore/app/index.html restyles .gname',
  +   '.recovery/owned-freezes/map-unlocated-address-parent-2026-10-03/explore/app/index.html restyles .ico',
  +   '.recovery/owned-freezes/map-unlocated-address-parent-2026-10-03/social/index.html restyles .field',
  +   '.recovery/owned-freezes/map-unlocated-address-parent-2026-10-03/tickets/index.html restyles .dot',
  +   '.recovery/owned-freezes/map-unlocated-address-parent-2026-10-03/tickets/index.html restyles .eyebrow',
  +   '.recovery/owned-freezes/map-unlocated-address-parent-2026-10-03/tickets/index.html restyles .field',
  +   '.recovery/owned-freezes/map-unlocated-address-parent-2026-10-03/tickets/index.html restyles .stat',
  +   '.recovery/owned-freezes/native-company-console-2026-10-03/apps/business-pro/index.html restyles .chip',
  +   '.recovery/owned-freezes/native-company-console-2026-10-03/apps/business-pro/index.html restyles .dot',
  +   '.recovery/owned-freezes/native-company-console-2026-10-03/apps/business-pro/index.html restyles .eyebrow',
  +   '.recovery/owned-freezes/native-company-console-2026-10-03/apps/business-pro/index.html restyles .field',
  +   '.recovery/owned-freezes/native-company-console-2026-10-03/apps/business-pro/index.html restyles .h1',
  +   '.recovery/owned-freezes/native-company-console-2026-10-03/apps/command-center/index.html restyles .dot',
  +   '.recovery/owned-freezes/native-company-console-2026-10-03/apps/event-os/index.html restyles .dot',
  +   '.recovery/owned-freezes/native-company-console-2026-10-03/apps/event-os/index.html restyles .eyebrow',
  +   '.recovery/owned-freezes/native-company-console-2026-10-03/apps/event-os/index.html restyles .field',
  +   '.recovery/owned-freezes/native-company-console-2026-10-03/apps/index.html restyles .chip',
  +   '.recovery/owned-freezes/native-company-console-2026-10-03/apps/index.html restyles .dot',
  +   '.recovery/owned-freezes/native-company-console-2026-10-03/apps/index.html restyles .eyebrow',
  +   '.recovery/owned-freezes/native-company-console-2026-10-03/apps/index.html restyles .ico',
  +   '.recovery/owned-freezes/native-company-console-2026-10-03/apps/index.html restyles .lede',
  +   '.recovery/owned-freezes/native-company-console-2026-10-03/apps/intelligence/index.html restyles .eyebrow',
  +   '.recovery/owned-freezes/native-company-console-2026-10-03/apps/intelligence/index.html restyles .stat',
  +   '.recovery/owned-freezes/native-company-console-2026-10-03/apps/tickets-studio/index.html restyles .dot',
  +   '.recovery/owned-freezes/native-company-console-2026-10-03/apps/tickets-studio/index.html restyles .field',
  +   '.recovery/owned-freezes/native-company-console-2026-10-03/explore/app/index.html restyles .chip',
  +   '.recovery/owned-freezes/native-company-console-2026-10-03/explore/app/index.html restyles .dim',
  +   '.recovery/owned-freezes/native-company-console-2026-10-03/explore/app/index.html restyles .field',
  +   '.recovery/owned-freezes/native-company-console-2026-10-03/explore/app/index.html restyles .gname',
  +   '.recovery/owned-freezes/native-company-console-2026-10-03/explore/app/index.html restyles .ico',
  +   '.recovery/owned-freezes/native-company-console-2026-10-03/social/index.html restyles .field',
  +   '.recovery/owned-freezes/native-company-console-2026-10-03/tickets/index.html restyles .dot',
  +   '.recovery/owned-freezes/native-company-console-2026-10-03/tickets/index.html restyles .eyebrow',
  +   '.recovery/owned-freezes/native-company-console-2026-10-03/tickets/index.html restyles .field',
  +   '.recovery/owned-freezes/native-company-console-2026-10-03/tickets/index.html restyles .stat',
  +   '.recovery/owned-freezes/native-company-console-parent-2026-10-03/apps/business-pro/index.html restyles .chip',
  +   '.recovery/owned-freezes/native-company-console-parent-2026-10-03/apps/business-pro/index.html restyles .dot',
  +   '.recovery/owned-freezes/native-company-console-parent-2026-10-03/apps/business-pro/index.html restyles .eyebrow',
  +   '.recovery/owned-freezes/native-company-console-parent-2026-10-03/apps/business-pro/index.html restyles .field',
  +   '.recovery/owned-freezes/native-company-console-parent-2026-10-03/apps/business-pro/index.html restyles .h1',
  +   '.recovery/owned-freezes/native-company-console-parent-2026-10-03/apps/command-center/index.html restyles .dot',
  +   '.recovery/owned-freezes/native-company-console-parent-2026-10-03/apps/event-os/index.html restyles .dot',
  +   '.recovery/owned-freezes/native-company-console-parent-2026-10-03/apps/event-os/index.html restyles .eyebrow',
  +   '.recovery/owned-freezes/native-company-console-parent-2026-10-03/apps/event-os/index.html restyles .field',
  +   '.recovery/owned-freezes/native-company-console-parent-2026-10-03/apps/index.html restyles .chip',
  +   '.recovery/owned-freezes/native-company-console-parent-2026-10-03/apps/index.html restyles .dot',
  +   '.recovery/owned-freezes/native-company-console-parent-2026-10-03/apps/index.html restyles .eyebrow',
  +   '.recovery/owned-freezes/native-company-console-parent-2026-10-03/apps/index.html restyles .ico',
  +   '.recovery/owned-freezes/native-company-console-parent-2026-10-03/apps/index.html restyles .lede',
  +   '.recovery/owned-freezes/native-company-console-parent-2026-10-03/apps/intelligence/index.html restyles .eyebrow',
  +   '.recovery/owned-freezes/native-company-console-parent-2026-10-03/apps/intelligence/index.html restyles .stat',
  +   '.recovery/owned-freezes/native-company-console-parent-2026-10-03/apps/tickets-studio/index.html restyles .dot',
  +   '.recovery/owned-freezes/native-company-console-parent-2026-10-03/apps/tickets-studio/index.html restyles .field',
  +   '.recovery/owned-freezes/native-company-console-parent-2026-10-03/explore/app/index.html restyles .chip',
  +   '.recovery/owned-freezes/native-company-console-parent-2026-10-03/explore/app/index.html restyles .dim',
  +   '.recovery/owned-freezes/native-company-console-parent-2026-10-03/explore/app/index.html restyles .field',
  +   '.recovery/owned-freezes/native-company-console-parent-2026-10-03/explore/app/index.html restyles .gname',
  +   '.recovery/owned-freezes/native-company-console-parent-2026-10-03/explore/app/index.html restyles .ico',
  +   '.recovery/owned-freezes/native-company-console-parent-2026-10-03/social/index.html restyles .field',
  +   '.recovery/owned-freezes/native-company-console-parent-2026-10-03/tickets/index.html restyles .dot',
  +   '.recovery/owned-freezes/native-company-console-parent-2026-10-03/tickets/index.html restyles .eyebrow',
  +   '.recovery/owned-freezes/native-company-console-parent-2026-10-03/tickets/index.html restyles .field',
  +   '.recovery/owned-freezes/native-company-console-parent-2026-10-03/tickets/index.html restyles .stat',
  +   '.recovery/owned-freezes/parea-parent-independent-2026-10-03/apps/business-pro/index.html restyles .chip',
  +   '.recovery/owned-freezes/parea-parent-independent-2026-10-03/apps/business-pro/index.html restyles .dot',
  +   '.recovery/owned-freezes/parea-parent-independent-2026-10-03/apps/business-pro/index.html restyles .eyebrow',
  +   '.recovery/owned-freezes/parea-parent-independent-2026-10-03/apps/business-pro/index.html restyles .field',
  +   '.recovery/owned-freezes/parea-parent-independent-2026-10-03/apps/business-pro/index.html restyles .h1',
  +   '.recovery/owned-freezes/parea-parent-independent-2026-10-03/apps/command-center/index.html restyles .dot',
  +   '.recovery/owned-freezes/parea-parent-independent-2026-10-03/apps/event-os/index.html restyles .dot',
  +   '.recovery/owned-freezes/parea-parent-independent-2026-10-03/apps/event-os/index.html restyles .eyebrow',
  +   '.recovery/owned-freezes/parea-parent-independent-2026-10-03/apps/event-os/index.html restyles .field',
  +   '.recovery/owned-freezes/parea-parent-independent-2026-10-03/apps/index.html restyles .chip',
  +   '.recovery/owned-freezes/parea-parent-independent-2026-10-03/apps/index.html restyles .dot',
  +   '.recovery/owned-freezes/parea-parent-independent-2026-10-03/apps/index.html restyles .eyebrow',
  +   '.recovery/owned-freezes/parea-parent-independent-2026-10-03/apps/index.html restyles .ico',
  +   '.recovery/owned-freezes/parea-parent-independent-2026-10-03/apps/index.html restyles .lede',
  +   '.recovery/owned-freezes/parea-parent-independent-2026-10-03/apps/intelligence/index.html restyles .eyebrow',
  +   '.recovery/owned-freezes/parea-parent-independent-2026-10-03/apps/intelligence/index.html restyles .stat',
  +   '.recovery/owned-freezes/parea-parent-independent-2026-10-03/apps/tickets-studio/index.html restyles .dot',
  +   '.recovery/owned-freezes/parea-parent-independent-2026-10-03/apps/tickets-studio/index.html restyles .field',
  +   '.recovery/owned-freezes/parea-parent-independent-2026-10-03/explore/app/index.html restyles .chip',
  +   '.recovery/owned-freezes/parea-parent-independent-2026-10-03/explore/app/index.html restyles .dim',
  +   '.recovery/owned-freezes/parea-parent-independent-2026-10-03/explore/app/index.html restyles .field',
  +   '.recovery/owned-freezes/parea-parent-independent-2026-10-03/explore/app/index.html restyles .gname',
  +   '.recovery/owned-freezes/parea-parent-independent-2026-10-03/explore/app/index.html restyles .ico',
  +   '.recovery/owned-freezes/parea-parent-independent-2026-10-03/social/index.html restyles .field',
  +   '.recovery/owned-freezes/parea-parent-independent-2026-10-03/tickets/index.html restyles .dot',
  +   '.recovery/owned-freezes/parea-parent-independent-2026-10-03/tickets/index.html restyles .eyebrow',
  +   '.recovery/owned-freezes/parea-parent-independent-2026-10-03/tickets/index.html restyles .field',
  +   '.recovery/owned-freezes/parea-parent-independent-2026-10-03/tickets/index.html restyles .stat',
  +   '.recovery/owner-shell-fixture.html restyles .field',
  +   '.recovery/web-ga-deployed-fixture.html restyles .dot',
  +   '.recovery/web-ga-deployed-fixture.html restyles .eyebrow',
  +   '.recovery/web-ga-deployed-fixture.html restyles .field',
  +   '.recovery/web-ga-deployed-fixture.html restyles .stat',
  +   '.recovery/web-ga-fixture.html restyles .dot',
  +   '.recovery/web-ga-fixture.html restyles .eyebrow',
  +   '.recovery/web-ga-fixture.html restyles .field',
  +   '.recovery/web-ga-fixture.html restyles .stat'
  + ]
  - []
  
      at TestContext.<anonymous> (file:///workspaces/zoi-city/.recovery/community-release/tests/unit/design-system.test.mjs:99:10)
      at Test.runInAsyncScope (node:async_hooks:228:14)
      at Test.run (node:internal/test_runner/test:1118:25)
      at Test.start (node:internal/test_runner/test:1015:17)
      at startSubtestAfterBootstrap (node:internal/test_runner/harness:358:17) {
    generatedMessage: false,
    code: 'ERR_ASSERTION',
    actual: [
      '.qa-image/follow-legacy-component.html restyles .chip',                                                      '.qa-image/follow-legacy-component.html restyles .dim',
      '.qa-image/follow-legacy-component.html restyles .field',                                                     '.qa-image/follow-legacy-component.html restyles .gname',
      '.qa-image/follow-legacy-component.html restyles .ico',                                                       '.recovery/exact-stage-company-parea-20261003/apps/business-pro/index.html restyles .chip',
      '.recovery/exact-stage-company-parea-20261003/apps/business-pro/index.html restyles .dot',                    '.recovery/exact-stage-company-parea-20261003/apps/business-pro/index.html restyles .eyebrow',
      '.recovery/exact-stage-company-parea-20261003/apps/business-pro/index.html restyles .field',                  '.recovery/exact-stage-company-parea-20261003/apps/business-pro/index.html restyles .h1',
      '.recovery/exact-stage-company-parea-20261003/apps/command-center/index.html restyles .dot',                  '.recovery/exact-stage-company-parea-20261003/apps/event-os/index.html restyles .dot',
      '.recovery/exact-stage-company-parea-20261003/apps/event-os/index.html restyles .eyebrow',                    '.recovery/exact-stage-company-parea-20261003/apps/event-os/index.html restyles .field',
      '.recovery/exact-stage-company-parea-20261003/apps/index.html restyles .chip',                                '.recovery/exact-stage-company-parea-20261003/apps/index.html restyles .dot',
      '.recovery/exact-stage-company-parea-20261003/apps/index.html restyles .eyebrow',                             '.recovery/exact-stage-company-parea-20261003/apps/index.html restyles .ico',
      '.recovery/exact-stage-company-parea-20261003/apps/index.html restyles .lede',                                '.recovery/exact-stage-company-parea-20261003/apps/intelligence/index.html restyles .eyebrow',
      '.recovery/exact-stage-company-parea-20261003/apps/intelligence/index.html restyles .stat',                   '.recovery/exact-stage-company-parea-20261003/apps/tickets-studio/index.html restyles .dot',
      '.recovery/exact-stage-company-parea-20261003/apps/tickets-studio/index.html restyles .field',                '.recovery/exact-stage-company-parea-20261003/explore/app/index.html restyles .chip',
      '.recovery/exact-stage-company-parea-20261003/explore/app/index.html restyles .dim',                          '.recovery/exact-stage-company-parea-20261003/explore/app/index.html restyles .field',
      '.recovery/exact-stage-company-parea-20261003/explore/app/index.html restyles .gname',                        '.recovery/exact-stage-company-parea-20261003/explore/app/index.html restyles .ico',
      '.recovery/exact-stage-company-parea-20261003/social/index.html restyles .field',                             '.recovery/exact-stage-company-parea-20261003/tickets/index.html restyles .dot',
      '.recovery/exact-stage-company-parea-20261003/tickets/index.html restyles .eyebrow',                          '.recovery/exact-stage-company-parea-20261003/tickets/index.html restyles .field',
      '.recovery/exact-stage-company-parea-20261003/tickets/index.html restyles .stat',                             '.recovery/exact-stage-company-parea-final-20261003/apps/business-pro/index.html restyles .chip',
      '.recovery/exact-stage-company-parea-final-20261003/apps/business-pro/index.html restyles .dot',              '.recovery/exact-stage-company-parea-final-20261003/apps/business-pro/index.html restyles .eyebrow',
      '.recovery/exact-stage-company-parea-final-20261003/apps/business-pro/index.html restyles .field',            '.recovery/exact-stage-company-parea-final-20261003/apps/business-pro/index.html restyles .h1',
      '.recovery/exact-stage-company-parea-final-20261003/apps/command-center/index.html restyles .dot',            '.recovery/exact-stage-company-parea-final-20261003/apps/event-os/index.html restyles .dot',
      '.recovery/exact-stage-company-parea-final-20261003/apps/event-os/index.html restyles .eyebrow',              '.recovery/exact-stage-company-parea-final-20261003/apps/event-os/index.html restyles .field',
      '.recovery/exact-stage-company-parea-final-20261003/apps/index.html restyles .chip',                          '.recovery/exact-stage-company-parea-final-20261003/apps/index.html restyles .dot',
      '.recovery/exact-stage-company-parea-final-20261003/apps/index.html restyles .eyebrow',                       '.recovery/exact-stage-company-parea-final-20261003/apps/index.html restyles .ico',
      '.recovery/exact-stage-company-parea-final-20261003/apps/index.html restyles .lede',                          '.recovery/exact-stage-company-parea-final-20261003/apps/intelligence/index.html restyles .eyebrow',
      '.recovery/exact-stage-company-parea-final-20261003/apps/intelligence/index.html restyles .stat',             '.recovery/exact-stage-company-parea-final-20261003/apps/tickets-studio/index.html restyles .dot',
      '.recovery/exact-stage-company-parea-final-20261003/apps/tickets-studio/index.html restyles .field',          '.recovery/exact-stage-company-parea-final-20261003/explore/app/index.html restyles .chip',
      '.recovery/exact-stage-company-parea-final-20261003/explore/app/index.html restyles .dim',                    '.recovery/exact-stage-company-parea-final-20261003/explore/app/index.html restyles .field',
      '.recovery/exact-stage-company-parea-final-20261003/explore/app/index.html restyles .gname',                  '.recovery/exact-stage-company-parea-final-20261003/explore/app/index.html restyles .ico',
      '.recovery/exact-stage-company-parea-final-20261003/social/index.html restyles .field',                       '.recovery/exact-stage-company-parea-final-20261003/tickets/index.html restyles .dot',
      '.recovery/exact-stage-company-parea-final-20261003/tickets/index.html restyles .eyebrow',                    '.recovery/exact-stage-company-parea-final-20261003/tickets/index.html restyles .field',
      '.recovery/exact-stage-company-parea-final-20261003/tickets/index.html restyles .stat',                       '.recovery/owned-freezes/autocomplete-city-parent-2026-10-03/apps/business-pro/index.html restyles .chip',
      '.recovery/owned-freezes/autocomplete-city-parent-2026-10-03/apps/business-pro/index.html restyles .dot',     '.recovery/owned-freezes/autocomplete-city-parent-2026-10-03/apps/business-pro/index.html restyles .eyebrow',
      '.recovery/owned-freezes/autocomplete-city-parent-2026-10-03/apps/business-pro/index.html restyles .field',   '.recovery/owned-freezes/autocomplete-city-parent-2026-10-03/apps/business-pro/index.html restyles .h1',
      '.recovery/owned-freezes/autocomplete-city-parent-2026-10-03/apps/command-center/index.html restyles .dot',   '.recovery/owned-freezes/autocomplete-city-parent-2026-10-03/apps/event-os/index.html restyles .dot',
      '.recovery/owned-freezes/autocomplete-city-parent-2026-10-03/apps/event-os/index.html restyles .eyebrow',     '.recovery/owned-freezes/autocomplete-city-parent-2026-10-03/apps/event-os/index.html restyles .field',
      '.recovery/owned-freezes/autocomplete-city-parent-2026-10-03/apps/index.html restyles .chip',                 '.recovery/owned-freezes/autocomplete-city-parent-2026-10-03/apps/index.html restyles .dot',
      '.recovery/owned-freezes/autocomplete-city-parent-2026-10-03/apps/index.html restyles .eyebrow',              '.recovery/owned-freezes/autocomplete-city-parent-2026-10-03/apps/index.html restyles .ico',
      '.recovery/owned-freezes/autocomplete-city-parent-2026-10-03/apps/index.html restyles .lede',                 '.recovery/owned-freezes/autocomplete-city-parent-2026-10-03/apps/intelligence/index.html restyles .eyebrow',
      '.recovery/owned-freezes/autocomplete-city-parent-2026-10-03/apps/intelligence/index.html restyles .stat',    '.recovery/owned-freezes/autocomplete-city-parent-2026-10-03/apps/tickets-studio/index.html restyles .dot',
      '.recovery/owned-freezes/autocomplete-city-parent-2026-10-03/apps/tickets-studio/index.html restyles .field', '.recovery/owned-freezes/autocomplete-city-parent-2026-10-03/explore/app/index.html restyles .chip',
      '.recovery/owned-freezes/autocomplete-city-parent-2026-10-03/explore/app/index.html restyles .dim',           '.recovery/owned-freezes/autocomplete-city-parent-2026-10-03/explore/app/index.html restyles .field',
      '.recovery/owned-freezes/autocomplete-city-parent-2026-10-03/explore/app/index.html restyles .gname',         '.recovery/owned-freezes/autocomplete-city-parent-2026-10-03/explore/app/index.html restyles .ico',
      '.recovery/owned-freezes/autocomplete-city-parent-2026-10-03/social/index.html restyles .field',              '.recovery/owned-freezes/autocomplete-city-parent-2026-10-03/tickets/index.html restyles .dot',
      '.recovery/owned-freezes/autocomplete-city-parent-2026-10-03/tickets/index.html restyles .eyebrow',           '.recovery/owned-freezes/autocomplete-city-parent-2026-10-03/tickets/index.html restyles .field',
      '.recovery/owned-freezes/autocomplete-city-parent-2026-10-03/tickets/index.html restyles .stat',              '.recovery/owned-freezes/company-console-2026-10-03/apps/business-pro/index.html restyles .chip',
      '.recovery/owned-freezes/company-console-2026-10-03/apps/business-pro/index.html restyles .dot',              '.recovery/owned-freezes/company-console-2026-10-03/apps/business-pro/index.html restyles .eyebrow',
      '.recovery/owned-freezes/company-console-2026-10-03/apps/business-pro/index.html restyles .field',            '.recovery/owned-freezes/company-console-2026-10-03/apps/business-pro/index.html restyles .h1',
      '.recovery/owned-freezes/company-console-2026-10-03/apps/command-center/index.html restyles .dot',            '.recovery/owned-freezes/company-console-2026-10-03/apps/event-os/index.html restyles .dot',
      '.recovery/owned-freezes/company-console-2026-10-03/apps/event-os/index.html restyles .eyebrow',              '.recovery/owned-freezes/company-console-2026-10-03/apps/event-os/index.html restyles .field',
      '.recovery/owned-freezes/company-console-2026-10-03/apps/index.html restyles .chip',                          '.recovery/owned-freezes/company-console-2026-10-03/apps/index.html restyles .dot',
      ... 138 more items
    ],
    expected: [],
    operator: 'deepStrictEqual',
    diff: 'simple'
  }

test at tests/unit/map-focus-return.test.mjs:11:1
✖ actual search input clears the prior selected view before refreshing and keeps the new query (1.446312ms)
  ReferenceError: map is not defined
      at Object.<anonymous> (evalmachine.<anonymous>:3:5)
      at TestContext.<anonymous> (file:///workspaces/zoi-city/.recovery/community-release/tests/unit/map-focus-return.test.mjs:13:345)
      at Test.runInAsyncScope (node:async_hooks:228:14)
      at Test.run (node:internal/test_runner/test:1118:25)
      at Test.processPendingSubtests (node:internal/test_runner/test:787:18)
      at Test.postRun (node:internal/test_runner/test:1247:19)
      at Test.run (node:internal/test_runner/test:1175:12)
      at async startSubtestAfterBootstrap (node:internal/test_runner/harness:358:3)

test at tests/unit/map-precision.test.mjs:41:1
✖ every production precision value resolves to a defined label (1.8417ms)
  ReferenceError: mapPositionsComplete is not defined
      at precisionLabel (eval at <anonymous> (file:///workspaces/zoi-city/.recovery/community-release/tests/unit/map-precision.test.mjs:29:17), <anonymous>:23:82)
      at TestContext.<anonymous> (file:///workspaces/zoi-city/.recovery/community-release/tests/unit/map-precision.test.mjs:43:19)
      at Test.runInAsyncScope (node:async_hooks:228:14)
      at Test.run (node:internal/test_runner/test:1118:25)
      at Test.start (node:internal/test_runner/test:1015:17)
      at startSubtestAfterBootstrap (node:internal/test_runner/harness:358:17)

test at tests/unit/map-precision.test.mjs:49:1
✖ an unrecorded precision is never called "approximate" (0.402112ms)
  ReferenceError: mapPositionsComplete is not defined
      at precisionLabel (eval at <anonymous> (file:///workspaces/zoi-city/.recovery/community-release/tests/unit/map-precision.test.mjs:29:17), <anonymous>:23:82)
      at TestContext.<anonymous> (file:///workspaces/zoi-city/.recovery/community-release/tests/unit/map-precision.test.mjs:56:36)
      at Test.runInAsyncScope (node:async_hooks:228:14)
      at Test.run (node:internal/test_runner/test:1118:25)
      at Test.processPendingSubtests (node:internal/test_runner/test:787:18)
      at Test.postRun (node:internal/test_runner/test:1247:19)
      at Test.run (node:internal/test_runner/test:1175:12)
      at async startSubtestAfterBootstrap (node:internal/test_runner/harness:358:3)

test at tests/unit/map-precision.test.mjs:71:1
✖ spelling variants collapse to one tier (0.349102ms)
  ReferenceError: mapPositionsComplete is not defined
      at precisionLabel (eval at <anonymous> (file:///workspaces/zoi-city/.recovery/community-release/tests/unit/map-precision.test.mjs:29:17), <anonymous>:23:82)
      at TestContext.<anonymous> (file:///workspaces/zoi-city/.recovery/community-release/tests/unit/map-precision.test.mjs:74:16)
      at Test.runInAsyncScope (node:async_hooks:228:14)
      at Test.run (node:internal/test_runner/test:1118:25)
      at Test.processPendingSubtests (node:internal/test_runner/test:787:18)
      at Test.postRun (node:internal/test_runner/test:1247:19)
      at Test.run (node:internal/test_runner/test:1175:12)
      at async Test.processPendingSubtests (node:internal/test_runner/test:787:7)

test at tests/unit/map-precision.test.mjs:81:1
✖ precision lookup is case-insensitive (0.268161ms)
  ReferenceError: mapPositionsComplete is not defined
      at precisionLabel (eval at <anonymous> (file:///workspaces/zoi-city/.recovery/community-release/tests/unit/map-precision.test.mjs:29:17), <anonymous>:23:82)
      at TestContext.<anonymous> (file:///workspaces/zoi-city/.recovery/community-release/tests/unit/map-precision.test.mjs:82:16)
      at Test.runInAsyncScope (node:async_hooks:228:14)
      at Test.run (node:internal/test_runner/test:1118:25)
      at Test.processPendingSubtests (node:internal/test_runner/test:787:18)
      at Test.postRun (node:internal/test_runner/test:1247:19)
      at Test.run (node:internal/test_runner/test:1175:12)
      at async Test.processPendingSubtests (node:internal/test_runner/test:787:7)

test at tests/unit/map-precision.test.mjs:105:1
✖ directions route by address when one exists, even at unknown precision (1.227554ms)
  AssertionError [ERR_ASSERTION]: no directions url produced
      at TestContext.<anonymous> (file:///workspaces/zoi-city/.recovery/community-release/tests/unit/map-precision.test.mjs:109:10)
      at Test.runInAsyncScope (node:async_hooks:228:14)
      at Test.run (node:internal/test_runner/test:1118:25)
      at Test.processPendingSubtests (node:internal/test_runner/test:787:18)
      at Test.postRun (node:internal/test_runner/test:1247:19)
      at Test.run (node:internal/test_runner/test:1175:12)
      at async Test.processPendingSubtests (node:internal/test_runner/test:787:7) {
    generatedMessage: false,
    code: 'ERR_ASSERTION',
    actual: null,
    expected: true,
    operator: '==',
    diff: 'simple'
  }

test at tests/unit/map-precision.test.mjs:116:1
✖ an unverified coordinate is never a routing destination (0.985811ms)
  AssertionError [ERR_ASSERTION]: Expected values to be strictly equal:
  
  '' !== 'name'
  
      at TestContext.<anonymous> (file:///workspaces/zoi-city/.recovery/community-release/tests/unit/map-precision.test.mjs:122:10)
      at Test.runInAsyncScope (node:async_hooks:228:14)
      at Test.run (node:internal/test_runner/test:1118:25)
      at Test.processPendingSubtests (node:internal/test_runner/test:787:18)
      at Test.postRun (node:internal/test_runner/test:1247:19)
      at Test.run (node:internal/test_runner/test:1175:12)
      at async Test.processPendingSubtests (node:internal/test_runner/test:787:7) {
    generatedMessage: true,
    code: 'ERR_ASSERTION',
    actual: '',
    expected: 'name',
    operator: 'strictEqual',
    diff: 'simple'
  }

test at tests/unit/map-precision.test.mjs:128:1
✖ an exact pin with no address routes by coordinate (1.032339ms)
  AssertionError [ERR_ASSERTION]: Expected values to be strictly equal:
  
  '' !== 'pin'
  
      at TestContext.<anonymous> (file:///workspaces/zoi-city/.recovery/community-release/tests/unit/map-precision.test.mjs:131:10)
      at Test.runInAsyncScope (node:async_hooks:228:14)
      at Test.run (node:internal/test_runner/test:1118:25)
      at Test.processPendingSubtests (node:internal/test_runner/test:787:18)
      at Test.postRun (node:internal/test_runner/test:1247:19)
      at Test.run (node:internal/test_runner/test:1175:12)
      at async Test.processPendingSubtests (node:internal/test_runner/test:787:7) {
    generatedMessage: true,
    code: 'ERR_ASSERTION',
    actual: '',
    expected: 'pin',
    operator: 'strictEqual',
    diff: 'simple'
  }

test at tests/unit/map-precision.test.mjs:141:1
✖ directions destinations are url-encoded (0.503351ms)
  TypeError: Cannot read properties of null (reading 'startsWith')
      at TestContext.<anonymous> (file:///workspaces/zoi-city/.recovery/community-release/tests/unit/map-precision.test.mjs:147:17)
      at Test.runInAsyncScope (node:async_hooks:228:14)
      at Test.run (node:internal/test_runner/test:1118:25)
      at Test.processPendingSubtests (node:internal/test_runner/test:787:18)
      at Test.postRun (node:internal/test_runner/test:1247:19)
      at Test.run (node:internal/test_runner/test:1175:12)
      at async Test.processPendingSubtests (node:internal/test_runner/test:787:7)

test at tests/unit/map-precision.test.mjs:260:1
✖ conflicting street metadata never routes to rejected centroid coordinates (0.372986ms)
  AssertionError [ERR_ASSERTION]: Expected values to be strictly equal:
  
  '' !== 'name'
  
      at TestContext.<anonymous> (file:///workspaces/zoi-city/.recovery/community-release/tests/unit/map-precision.test.mjs:260:219)
      at Test.runInAsyncScope (node:async_hooks:228:14)
      at Test.run (node:internal/test_runner/test:1118:25)
      at Test.processPendingSubtests (node:internal/test_runner/test:787:18)
      at Test.postRun (node:internal/test_runner/test:1247:19)
      at Test.run (node:internal/test_runner/test:1175:12)
      at async Test.processPendingSubtests (node:internal/test_runner/test:787:7) {
    generatedMessage: true,
    code: 'ERR_ASSERTION',
    actual: '',
    expected: 'name',
    operator: 'strictEqual',
    diff: 'simple'
  }

test at tests/unit/map-precision.test.mjs:262:1
✖ invalid street coordinates cannot become directions destination (0.364191ms)
  AssertionError [ERR_ASSERTION]: Expected values to be strictly equal:
  
  '' !== 'name'
  
      at TestContext.<anonymous> (file:///workspaces/zoi-city/.recovery/community-release/tests/unit/map-precision.test.mjs:262:197)
      at Test.runInAsyncScope (node:async_hooks:228:14)
      at Test.run (node:internal/test_runner/test:1118:25)
      at Test.processPendingSubtests (node:internal/test_runner/test:787:18)
      at Test.postRun (node:internal/test_runner/test:1247:19)
      at Test.run (node:internal/test_runner/test:1175:12)
      at async Test.processPendingSubtests (node:internal/test_runner/test:787:7) {
    generatedMessage: true,
    code: 'ERR_ASSERTION',
    actual: '',
    expected: 'name',
    operator: 'strictEqual',
    diff: 'simple'
  }

test at tests/unit/map-precision.test.mjs:264:1
✖ independent reviewed destination supersedes incomplete imported address (2.518194ms)
  AssertionError [ERR_ASSERTION]: Expected values to be strictly equal:
  + actual - expected
  
  + 'published-address'
  - 'address'
  
      at TestContext.<anonymous> (file:///workspaces/zoi-city/.recovery/community-release/tests/unit/map-precision.test.mjs:276:58)
      at Test.runInAsyncScope (node:async_hooks:228:14)
      at Test.run (node:internal/test_runner/test:1118:25)
      at Test.processPendingSubtests (node:internal/test_runner/test:787:18)
      at Test.postRun (node:internal/test_runner/test:1247:19)
      at Test.run (node:internal/test_runner/test:1175:12)
      at async Test.processPendingSubtests (node:internal/test_runner/test:787:7) {
    generatedMessage: true,
    code: 'ERR_ASSERTION',
    actual: 'published-address',
    expected: 'address',
    operator: 'strictEqual',
    diff: 'simple'
  }

test at tests/unit/profile-persistence.test.mjs:20:1
✖ business save requires exact versioned receipt and retains immutable retry snapshot (35.889786ms)
  AssertionError [ERR_ASSERTION]: The input did not match the regular expression /Saved\./. Input:
  
  'The save result is uncertain. Retry to confirm the same changes before editing further.'
  
      at TestContext.<anonymous> (file:///workspaces/zoi-city/.recovery/community-release/tests/unit/profile-persistence.test.mjs:25:263)
      at async Test.run (node:internal/test_runner/test:1125:7)
      at async Test.processPendingSubtests (node:internal/test_runner/test:787:7) {
    generatedMessage: true,
    code: 'ERR_ASSERTION',
    actual: 'The save result is uncertain. Retry to confirm the same changes before editing further.',
    expected: /Saved\./,
    operator: 'match',
    diff: 'simple'
  }
